second,tpm
0,0
1,2640
2,16200
3,32820
4,48720
5,67320
6,92400
7,113520
8,133560
9,155640
10,173820
11,190140
12,222360
13,245520
14,260100
15,293880
16,310200
17,329880
18,348240
19,363840
20,381420
21,398700
22,403980
23,426480
24,429060
25,449220
26,464580
27,465660
28,506760
29,509580
30,501960
31,520800
32,544380
33,546540
34,556560
35,562800
36,573000
37,579720
38,587820
39,520440
40,608880
41,601500
42,620640
43,624180
44,621660
45,656220
46,657360
47,675840
48,671700
49,680160
50,666660
51,665100
52,676260
53,670500
54,672660
55,679200
56,672240
57,680280
58,683220
59,689100
60,678300
61,683040
62,680580
63,715200
64,692460
65,687900
66,669840
67,671100
68,657180
69,632820
70,639600
71,635820
72,647040
73,632280
74,631860
75,648300
76,641040
77,629040
78,634140
79,644460
80,631860
81,626940
82,622020
83,626940
84,614040
85,627720
86,638700
87,654420
88,651420
89,649320
90,652200
91,640920
92,654840
93,651720
94,655740
95,663960
96,656640
97,669720
98,651540
99,652500
100,650880
101,643740
102,641760
103,643020
104,642180
105,642360
106,642540
107,664080
108,667020
109,655800
110,661320
111,657660
112,669600
113,652920
114,668700
115,660120
116,664440
117,660000
118,659580
119,668700
120,664380
121,673320
122,657720
123,667860
124,662940
125,665160
126,667020
127,645600
128,661200
129,668640
130,659640
131,672900
132,660900
133,673980
134,677580
135,674160
136,666480
137,667860
138,659640
139,670500
140,673320
141,671880
142,672120
143,664800
144,671400
145,668880
146,670500
147,666420
148,664920
149,674220
150,665820
151,675180
152,653760
153,671520
154,670980
155,673980
156,674580
157,667560
158,680520
159,672960
160,672780
161,672120
162,676140
163,674100
164,676260
165,673440
166,672960
167,681180
168,686160
169,665820
170,670080
171,665640
172,671520
173,675300
174,675300
175,675420
176,669900
177,683100
178,679080
179,681600
180,672600
181,677760
182,676680
183,673680
184,676080
185,676380
186,663720
187,677640
188,687060
189,677040
190,688200
191,686040
192,684360
193,684240
194,686880
195,685980
196,687120
197,685500
198,677640
199,682860
200,688200
201,682680
202,681960
203,683220
204,676680
205,683940
206,671880
207,669600
208,670680
209,655380
210,668580
211,675600
212,688080
213,684540
214,682020
215,682200
216,686400
217,686520
218,688860
219,685920
220,668880
221,685980
222,687900
223,692220
224,682260
225,686700
226,684780
227,680040
228,685440
229,681840
230,688380
231,682920
232,682440
233,681120
234,664380
235,672660
236,674460
237,672900
238,673440
239,676020
240,688140
241,688080
242,681960
243,691500
244,692700
245,690360
246,699660
247,689460
248,690780
249,693540
250,694500
251,678060
252,693180
253,695880
254,697440
255,691560
256,684540
257,685440
258,693480
259,695040
260,690120
261,683280
262,687960
263,702180
264,693960
265,691380
266,696360
267,700320
268,700140
269,694200
270,698820
271,689040
272,694320
273,691380
274,686580
275,690120
276,689760
277,690240
278,693960
279,697200
280,686220
281,695640
282,681420
283,687300
284,683520
285,694440
286,696600
287,696480
288,695220
289,686280
290,684060
291,689940
292,685380
293,690300
294,689820
295,684240
296,689100
297,688800
298,698340
299,693840
300,699420
301,695580
302,686280
303,690960
304,690480
305,691980
306,684600
307,691680
308,693720
309,698280
310,687660
311,692760
312,681420
313,693720
314,692340
315,694860
316,689280
317,683280
318,687540
319,697620
320,702180
321,696120
322,695880
323,697440
324,684360
325,693720
326,700800
327,685380
328,697140
329,694020
330,692100
331,697500
332,687360
333,686460
334,689760
335,689700
336,689580
337,691560
338,682440
339,691440
340,699060
341,688620
342,692460
343,698220
344,688740
345,690660
346,697440
347,695460
348,694980
349,701100
350,701100
351,705600
352,703920
353,693180
354,691860
355,697260
356,702960
357,698460
358,707760
359,697740
360,695880
361,700560
362,705480
363,694980
364,699180
365,680700
366,669420
367,697140
368,702480
369,688500
370,699420
371,694860
372,692700
373,694800
374,697620
375,699840
376,694260
377,699300
378,689580
379,698580
380,698580
381,689040
382,661800
383,637140
384,690660
385,695280
386,687420
387,697320
388,701400
389,700260
390,689280
391,690360
392,694500
393,697260
394,694680
395,693900
396,708840
397,705660
398,683340
399,688320
400,661320
401,650400
402,681720
403,689880
404,690840
405,685980
406,699120
407,683100
408,690120
409,675300
410,684360
411,691440
412,694440
413,692400
414,680700
415,698040
416,693060
417,684120
418,682560
419,665880
420,681780
421,680520
422,685260
423,686040
424,693900
425,682260
426,674760
427,668880
428,690300
429,688980
430,690720
431,710160
432,692520
433,694140
434,680040
435,679080
436,661500
437,654900
438,672420
439,683280
440,678780
441,672060
442,681180
443,670560
444,684900
445,671700
446,657240
447,658920
448,675720
449,670080
450,680820
451,680880
452,683880
453,682560
454,686940
455,638100
456,674820
457,686580
458,660540
459,670980
460,677460
461,676200
462,690360
463,674460
464,657300
465,685320
466,672420
467,682260
468,668400
469,670260
470,685080
471,680040
472,679620
473,654180
474,629400
475,667380
476,659400
477,691020
478,678120
479,705480
480,695880
481,678660
482,677400
483,675960
484,686160
485,693960
486,686040
487,699240
488,689040
489,686700
490,685560
491,673320
492,658680
493,659220
494,661500
495,670080
496,663780
497,667560
498,688260
499,662280
500,645300
501,657240
502,651240
503,676200
504,673260
505,692520
506,695280
507,688380
508,704760
509,686160
510,693060
511,690120
512,667080
513,690540
514,704760
515,693300
516,704340
517,691200
518,699420
519,698040
520,688320
521,702240
522,696900
523,715020
524,708960
525,695880
526,690540
527,697800
528,701460
529,701340
530,688080
531,686400
532,700620
533,700440
534,693360
535,711120
536,697800
537,695460
538,696480
539,684480
540,702900
541,708060
542,701580
543,699420
544,696780
545,703140
546,695280
547,701100
548,698280
549,705840
550,710400
551,692820
552,702180
553,705720
554,702420
555,700740
556,698280
557,694500
558,684900
559,697200
560,694380
561,701520
562,695340
563,700680
564,706440
565,693720
566,700020
567,678300
568,668280
569,691020
570,697980
571,709380
572,695460
573,696960
574,704220
575,702180
576,692160
577,690000
578,693600
579,688620
580,689700
581,694260
582,701640
583,700980
584,690720
585,693360
586,668100
587,690480
588,673140
589,711540
590,702360
591,698760
592,699060
593,696060
594,699780
595,702180
596,709260
597,688560
598,703500
599,696720
600,702360
601,697680
602,698580
603,702000
604,693600
605,701760
606,681900
607,677220
608,694020
609,706740
610,694980
611,703860
612,700920
613,701940
614,691440
615,699180
616,686940
617,700440
618,697560
619,695700
620,700200
621,711300
622,693540
623,686100
624,687960
625,681420
626,682380
627,701400
628,702600
629,703500
630,709200
631,694740
632,711480
633,701340
634,697320
635,700800
636,706380
637,698880
638,702480
639,697980
640,698880
641,699540
642,695580
643,701160
644,704280
645,703620
646,702120
647,698760
648,692100
649,709500
650,694440
651,705180
652,698160
653,704340
654,695820
655,708420
656,683100
657,712440
658,698160
659,697620
660,685200
661,673200
662,697560
663,695400
664,698760
665,705540
666,707280
667,701880
668,703860
669,700140
670,702240
671,695760
672,700140
673,708540
674,712080
675,703680
676,693420
677,702180
678,698640
679,694620
680,692880
681,695820
682,704940
683,706680
684,698820
685,713040
686,700260
687,705180
688,696420
689,700740
690,701220
691,699840
692,704880
693,698400
694,696300
695,702840
696,706860
697,691080
698,677580
699,688440
700,694260
701,703380
702,699720
703,709140
704,711840
705,691800
706,708720
707,705300
708,702180
709,703440
710,702540
711,703320
712,692700
713,698460
714,698520
715,689040
716,653400
717,670380
718,678360
719,673560
720,663240
721,700380
722,695220
723,683940
724,677640
725,671940
726,677880
727,706860
728,707280
729,705480
730,701400
731,700140
732,701460
733,705060
734,687840
735,671760
736,697260
737,700740
738,710400
739,705960
740,693660
741,701640
742,698880
743,702240
744,700860
745,704160
746,701160
747,698940
748,711600
749,692400
750,693600
751,696120
752,699780
753,698940
754,682020
755,691560
756,695160
757,702960
758,705720
759,706380
760,696240
761,690360
762,695580
763,699840
764,656580
765,663360
766,676500
767,679200
768,665760
769,674340
770,679560
771,657240
772,663900
773,643260
774,644400
775,689340
776,670020
777,676560
778,659880
779,680880
780,659100
781,647400
782,646980
783,658860
784,678240
785,671160
786,660300
787,672780
788,682620
789,669840
790,648120
791,648120
792,630060
793,627120
794,670320
795,651060
796,658320
797,678840
798,674820
799,661320
800,681660
801,660780
802,655560
803,665340
804,662160
805,666180
806,657240
807,668220
808,680280
809,678600
810,695460
811,715560
812,700500
813,682680
814,707820
815,714660
816,711420
817,719040
818,717360
819,718680
820,721980
821,712860
822,708000
823,689220
824,711660
825,710940
826,716160
827,710760
828,717600
829,711480
830,712920
831,700800
832,704940
833,693120
834,684960
835,683580
836,723840
837,729780
838,728940
839,723300
840,736620
841,723660
842,724260
843,736080
844,723840
845,727800
846,731760
847,734100
848,733560
849,739620
850,724080
851,730920
852,735600
853,737460
854,728100
855,736860
856,740940
857,728340
858,729240
859,738720
860,731160
861,721380
862,728220
863,733920
864,733140
865,717000
866,738720
867,728760
868,727080
869,725820
870,736800
871,731460
872,731760
873,734280
874,728820
875,733200
876,727620
877,723000
878,740220
879,726720
880,728280
881,712980
882,733740
883,721560
884,728820
885,731640
886,735000
887,723420
888,725940
889,723120
890,729600
891,727980
892,726960
893,716460
894,722940
895,726840
896,731820
897,723720
898,729360
899,732000
900,708600
901,730560
902,735900
903,731220
904,724740
905,730320
906,730380
907,725940
908,716760
909,735660
910,725640
911,732600
912,732780
913,736860
914,722280
915,723000
916,727380
917,728280
918,735300
919,728160
920,721680
921,732780
922,723960
923,731400
924,725820
925,726360
926,733260
927,736980
928,732780
929,720660
930,727320
931,736980
932,729900
933,725160
934,725340
935,727200
936,734400
937,731160
938,730320
939,713100
940,737400
941,723120
942,729060
943,745500
944,722640
945,727800
946,732720
947,735480
948,715980
949,721560
950,723420
951,724680
952,727800
953,739680
954,736200
955,715200
956,729780
957,732240
958,716760
959,726000
960,731820
961,732060
962,734460
963,728640
964,736980
965,739980
966,730860
967,736380
968,729360
969,730620
970,724020
971,731820
972,721380
973,719460
974,719040
975,725700
976,722040
977,718560
978,725640
979,718920
980,724680
981,731460
982,728340
983,735720
984,728760
985,732240
986,726420
987,729780
988,731760
989,724440
990,743820
991,721320
992,730740
993,720600
994,699660
995,726780
996,730800
997,716340
998,722760
999,721980
1000,729240
1001,737640
1002,734580
1003,731280
1004,733980
1005,734460
1006,724740
1007,725160
1008,720060
1009,730620
1010,725460
1011,730740
1012,738480
1013,726600
1014,687240
1015,712440
1016,722520
1017,734640
1018,732060
1019,737040
1020,729540
1021,725640
1022,726480
1023,737580
1024,733500
1025,734700
1026,739020
1027,727980
1028,728460
1029,726600
1030,732420
1031,729540
1032,732300
1033,719580
1034,720480
1035,726600
1036,716880
1037,735780
1038,725880
1039,721080
1040,735000
1041,730980
1042,729720
1043,729060
1044,742140
1045,728820
1046,730740
1047,736440
1048,732420
1049,738180
1050,733980
1051,727080
1052,730020
1053,721620
1054,729900
1055,714960
1056,714960
1057,727020
1058,731640
1059,737340
1060,728100
1061,736560
1062,735960
1063,741420
1064,725940
1065,745440
1066,745980
1067,725820
1068,725520
1069,731760
1070,736080
1071,736140
1072,730740
1073,726180
1074,721740
1075,728880
1076,734460
1077,723060
1078,730860
1079,738720
1080,736560
1081,729300
1082,738660
1083,734460
1084,731100
1085,736980
1086,728700
1087,728880
1088,727740
1089,733140
1090,733020
1091,732900
1092,723600
1093,724260
1094,739320
1095,718920
1096,734460
1097,735720
1098,731880
1099,733380
1100,733740
1101,730440
1102,739260
1103,744120
1104,736860
1105,738360
1106,730980
1107,727920
1108,738300
1109,728280
1110,730500
1111,733020
1112,716940
1113,719220
1114,722880
1115,727740
1116,726840
1117,737400
1118,733140
1119,732420
1120,731640
1121,722460
1122,729840
1123,721020
1124,736500
1125,724920
1126,710400
1127,731100
1128,740640
1129,725160
1130,730920
1131,721920
1132,706620
1133,703860
1134,741420
1135,731640
1136,710520
1137,742020
1138,733140
1139,728460
1140,730680
1141,710520
1142,713100
1143,713460
1144,715800
1145,709080
1146,717780
1147,701880
1148,692520
1149,706920
1150,693960
1151,709620
1152,673380
1153,683580
1154,732300
1155,718440
1156,732000
1157,740040
1158,725220
1159,731760
1160,750480
1161,726480
1162,723960
1163,736920
1164,738060
1165,736440
1166,719940
1167,733200
1168,734880
1169,733560
1170,715740
1171,732300
1172,724800
1173,728460
1174,735960
1175,722760
1176,715440
1177,730440
1178,743220
1179,739740
1180,734580
1181,728220
1182,738780
1183,730380
1184,725220
1185,729900
1186,732420
1187,728520
1188,730740
1189,726420
1190,721020
1191,737460
1192,738600
1193,722160
1194,741960
1195,726300
1196,723840
1197,740160
1198,726720
1199,721020
1200,712860
1201,699120
1202,690240
1203,690840
1204,698280
1205,696300
1206,732780
1207,728100
1208,714120
1209,719820
1210,732000
1211,728940
1212,720540
1213,722040
1214,717660
1215,700860
1216,728580
1217,733380
1218,743700
1219,744900
1220,727320
1221,733140
1222,725640
1223,740700
1224,724560
1225,728640
1226,732720
1227,737160
1228,742080
1229,731820
1230,732180
1231,713400
1232,720780
1233,727560
1234,724140
1235,703500
1236,695220
1237,710640
1238,721140
1239,733020
1240,727920
1241,735480
1242,726300
1243,711180
1244,721800
1245,725160
1246,727800
1247,727680
1248,712560
1249,715740
1250,726360
1251,709380
1252,739140
1253,735180
1254,717780
1255,696720
1256,704940
1257,716040
1258,722280
1259,719280
1260,717900
1261,717600
1262,728880
1263,729840
1264,722040
1265,689160
1266,702300
1267,717240
1268,720000
1269,729420
1270,721500
1271,724500
1272,727380
1273,732660
1274,737340
1275,723480
1276,735420
1277,735780
1278,742260
1279,728100
1280,730860
1281,720480
1282,734100
1283,737340
1284,731040
1285,727380
1286,726240
1287,732060
1288,725400
1289,728220
1290,734640
1291,732720
1292,722700
1293,728220
1294,735060
1295,723240
1296,726900
1297,726420
1298,734640
1299,739620
1300,731700
1301,725040
1302,723840
1303,744900
1304,729660
1305,731880
1306,725400
1307,724560
1308,730080
1309,735180
1310,727560
1311,731280
1312,732540
1313,720540
1314,728580
1315,742800
1316,737700
1317,725820
1318,733620
1319,730620
1320,727500
1321,735960
1322,728400
1323,737040
1324,731040
1325,736560
1326,750780
1327,733260
1328,729120
1329,728940
1330,732180
1331,731400
1332,715140
1333,732480
1334,737160
1335,719700
1336,721200
1337,730440
1338,729360
1339,748620
1340,725460
1341,725520
1342,729300
1343,722160
1344,737940
1345,724800
1346,727620
1347,733800
1348,720360
1349,726480
1350,732060
1351,725040
1352,720960
1353,742680
1354,732720
1355,721500
1356,740040
1357,734880
1358,729480
1359,730440
1360,716460
1361,732180
1362,731280
1363,733440
1364,725340
1365,733680
1366,721860
1367,723720
1368,724920
1369,734940
1370,721560
1371,720420
1372,739500
1373,724200
1374,735480
1375,726840
1376,741720
1377,734340
1378,735120
1379,714180
1380,734580
1381,728220
1382,724620
1383,721980
1384,740700
1385,730440
1386,719760
1387,740460
1388,724020
1389,730560
1390,728640
1391,716400
1392,729300
1393,740580
1394,732540
1395,729840
1396,728940
1397,732240
1398,728280
1399,733500
1400,728280
1401,736560
1402,711300
1403,727320
1404,725640
1405,732600
1406,736320
1407,732240
1408,737460
1409,742920
1410,729480
1411,720120
1412,726480
1413,724080
1414,731640
1415,725580
1416,720600
1417,728280
1418,733320
1419,735240
1420,723780
1421,729300
1422,724800
1423,723960
1424,729000
1425,729600
1426,740940
1427,737460
1428,735960
1429,733080
1430,734400
1431,731940
1432,737580
1433,735960
1434,732420
1435,736440
1436,722340
1437,733560
1438,740460
1439,728700
1440,721320
1441,724860
1442,737880
1443,729780
1444,723180
1445,733980
1446,727020
1447,735000
1448,732900
1449,731040
1450,724320
1451,718860
1452,715800
1453,734460
1454,734340
1455,739440
1456,739080
1457,736440
1458,731580
1459,737580
1460,729780
1461,728340
1462,735900
1463,733620
1464,737460
1465,731940
1466,730140
1467,747300
1468,726900
1469,732840
1470,740280
1471,734700
1472,733200
1473,724980
1474,719820
1475,728280
1476,730380
1477,730500
1478,732420
1479,731580
1480,732240
1481,734100
1482,732180
1483,731280
1484,732720
1485,735480
1486,741540
1487,742440
1488,726960
1489,740700
1490,739080
1491,731220
1492,732120
1493,737340
1494,744900
1495,725040
1496,722220
1497,728820
1498,724320
1499,733140
1500,735540
1501,735780
1502,738060
1503,728700
1504,735420
1505,734100
1506,739380
1507,735360
1508,731040
1509,729300
1510,726780
1511,718980
1512,715860
1513,742080
1514,730620
1515,734820
1516,725340
1517,727680
1518,726300
1519,730800
1520,716940
1521,726060
1522,723420
1523,723480
1524,696780
1525,727920
1526,726960
1527,723480
1528,719520
1529,691920
1530,711480
1531,707460
1532,670920
1533,702900
1534,689280
1535,684480
1536,697920
1537,708840
1538,705540
1539,697440
1540,669960
1541,698340
1542,686820
1543,693120
1544,706620
1545,714240
1546,717240
1547,726000
1548,724920
1549,725820
1550,732540
1551,723420
1552,704220
1553,738120
1554,736260
1555,735840
1556,725100
1557,716580
1558,730380
1559,734580
1560,725460
1561,738120
1562,737040
1563,726720
1564,729720
1565,736200
1566,732660
1567,735480
1568,735120
1569,735060
1570,754200
1571,728100
1572,733320
1573,738960
1574,734040
1575,738600
1576,729600
1577,733860
1578,719040
1579,748260
1580,731700
1581,737820
1582,745680
1583,729960
1584,731760
1585,727680
1586,727500
1587,730380
1588,730740
1589,729480
1590,731640
1591,725520
1592,727560
1593,729660
1594,737220
1595,718140
1596,717300
1597,723900
1598,737580
1599,728160
1600,728760
1601,733860
1602,735540
1603,727560
1604,737820
1605,728820
1606,730680
1607,730680
1608,728280
1609,735120
1610,727380
1611,736440
1612,735480
1613,731280
1614,726420
1615,741180
1616,740520
1617,729720
1618,728880
1619,733320
1620,728520
1621,729120
1622,734400
1623,730140
1624,734040
1625,727140
1626,740460
1627,733740
1628,726840
1629,728520
1630,730440
1631,741600
1632,731340
1633,738240
1634,732660
1635,740520
1636,732600
1637,722040
1638,729900
1639,730440
1640,735840
1641,736500
1642,727200
1643,734100
1644,733200
1645,729840
1646,730740
1647,734580
1648,732840
1649,738480
1650,735480
1651,725340
1652,731880
1653,717000
1654,735060
1655,732720
1656,731040
1657,724740
1658,723780
1659,719760
1660,738840
1661,736680
1662,731580
1663,736020
1664,728340
1665,727500
1666,728940
1667,727200
1668,732780
1669,730680
1670,728280
1671,737940
1672,732000
1673,726960
1674,734220
1675,728100
1676,724860
1677,738120
1678,732420
1679,732000
1680,735420
1681,734040
1682,732960
1683,736860
1684,741000
1685,728340
1686,726600
1687,727980
1688,733620
1689,737700
1690,736140
1691,723960
1692,744240
1693,726660
1694,731220
1695,736560
1696,729000
1697,717960
1698,726120
1699,733980
1700,739200
1701,733980
1702,733620
1703,723840
1704,723300
1705,738960
1706,736320
1707,733080
1708,734820
1709,730800
1710,718620
1711,725940
1712,729660
1713,707400
1714,714060
1715,736380
1716,719460
1717,701880
1718,735660
1719,730740
1720,724440
1721,733380
1722,746520
1723,732480
1724,728580
1725,723480
1726,722580
1727,724020
1728,738240
1729,729600
1730,719580
1731,729120
1732,729780
1733,728040
1734,730080
1735,729420
1736,723120
1737,714960
1738,721260
1739,721260
1740,718860
1741,727920
1742,724800
1743,733080
1744,728880
1745,711840
1746,716100
1747,714840
1748,724500
1749,721680
1750,729360
1751,731580
1752,712320
1753,726600
1754,725820
1755,733860
1756,734400
1757,707700
1758,733500
1759,739500
1760,738480
1761,738180
1762,730800
1763,722880
1764,740220
1765,723000
1766,742200
1767,741060
1768,724620
1769,734220
1770,727440
1771,726360
1772,723960
1773,727560
1774,735360
1775,733620
1776,733500
1777,728520
1778,729600
1779,735060
1780,731040
1781,735240
1782,740940
1783,732660
1784,731340
1785,723960
1786,735120
1787,729780
1788,742560
1789,742380
1790,728040
1791,720900
1792,709260
1793,731460
1794,731700
1795,731700
1796,730380
1797,735720
1798,730020
1799,741300
1800,733320
1801,727860
1802,743520
1803,733260
1804,732480
1805,730740
1806,729300
1807,732480
1808,731280
1809,727260
1810,727200
1811,739680
1812,730080
1813,739440
1814,736620
1815,722880
1816,728940
1817,732600
1818,731160
1819,735720
1820,727560
1821,735060
1822,732000
1823,730440
1824,730020
1825,723000
1826,741060
1827,735540
1828,745020
1829,728760
1830,743340
1831,732660
1832,705540
1833,733860
1834,737760
1835,730020
1836,733800
1837,712800
1838,732540
1839,739140
1840,732060
1841,733080
1842,735120
1843,745200
1844,720660
1845,735060
1846,729780
1847,745320
1848,737580
1849,727500
1850,735420
1851,731460
1852,737580
1853,727620
1854,722760
1855,744780
1856,733980
1857,711960
1858,722220
1859,723840
1860,735600
1861,724140
1862,728640
1863,728220
1864,728760
1865,733440
1866,734280
1867,739740
1868,732360
1869,741000
1870,735420
1871,727440
1872,731940
1873,734940
1874,735300
1875,732420
1876,722400
1877,709680
1878,741240
1879,738060
1880,739200
1881,728280
1882,728160
1883,732600
1884,723540
1885,726960
1886,724800
1887,742020
1888,731640
1889,729600
1890,728280
1891,712980
1892,729540
1893,728280
1894,715800
1895,727020
1896,681120
1897,694320
1898,702240
1899,697860
1900,708240
1901,708180
1902,715020
1903,714240
1904,707280
1905,704400
1906,691500
1907,727080
1908,724740
1909,721140
1910,712500
1911,697140
1912,706920
1913,723960
1914,720120
1915,727860
1916,719400
1917,721560
1918,727200
1919,725880
1920,720720
1921,724200
1922,725220
1923,715320
1924,728460
1925,725760
1926,723840
1927,703020
1928,698520
1929,697380
1930,723960
1931,692940
1932,687360
1933,736080
1934,732900
1935,738060
1936,718500
1937,718080
1938,739020
1939,715140
1940,734640
1941,731280
1942,740100
1943,732720
1944,733740
1945,723900
1946,730440
1947,733920
1948,731820
1949,728580
1950,733740
1951,741180
1952,735660
1953,726360
1954,731100
1955,733140
1956,731460
1957,719700
1958,737880
1959,734640
1960,729180
1961,730500
1962,727980
1963,733560
1964,740700
1965,737940
1966,734820
1967,731700
1968,740400
1969,739920
1970,735660
1971,731520
1972,733320
1973,733800
1974,736800
1975,735840
1976,721440
1977,727680
1978,735000
1979,725160
1980,735240
1981,741420
1982,741180
1983,718800
1984,731700
1985,735960
1986,736500
1987,734940
1988,741780
1989,743100
1990,731340
1991,733740
1992,727080
1993,731820
1994,732180
1995,716280
1996,737940
1997,731280
1998,731700
1999,734940
2000,730140
2001,740700
2002,737940
2003,724260
2004,744420
2005,729900
2006,738360
2007,728220
2008,727500
2009,734160
2010,728400
2011,734700
2012,732600
2013,734100
2014,720060
2015,728100
2016,731400
2017,729240
2018,720360
2019,737100
2020,732540
2021,724620
2022,741960
2023,724500
2024,746940
2025,741660
2026,720840
2027,737460
2028,737280
2029,732840
2030,722400
2031,728400
2032,718140
2033,732960
2034,730680
2035,720120
2036,715860
2037,718380
2038,737820
2039,733500
2040,730980
2041,738240
2042,736560
2043,726780
2044,733140
2045,742200
2046,736920
2047,730860
2048,735240
2049,742500
2050,727500
2051,714720
2052,731460
2053,723540
2054,727260
2055,735420
2056,725940
2057,736200
2058,747540
2059,727080
2060,727080
2061,735240
2062,736500
2063,735300
2064,730380
2065,723420
2066,731580
2067,734640
2068,735420
2069,726600
2070,719460
2071,708780
2072,703500
2073,717540
2074,731640
2075,729900
2076,737160
2077,725700
2078,732300
2079,726780
2080,726900
2081,717600
2082,727800
2083,723120
2084,726480
2085,721200
2086,717840
2087,705060
2088,722040
2089,702660
2090,722220
2091,711780
2092,700500
2093,711420
2094,718800
2095,724380
2096,721500
2097,731160
2098,715020
2099,721380
2100,721500
2101,700620
2102,721380
2103,734400
2104,731880
2105,725820
2106,727800
2107,723120
2108,740040
2109,738420
2110,735180
2111,724200
2112,731760
2113,726360
2114,730680
2115,734280
2116,720720
2117,739380
2118,729420
2119,726960
2120,731160
2121,734580
2122,733320
2123,728400
2124,733680
2125,734040
2126,726480
2127,741540
2128,730080
2129,729180
2130,721380
2131,724260
2132,732120
2133,730080
2134,735540
2135,713340
2136,713340
2137,723360
2138,734640
2139,715260
2140,716940
2141,726900
2142,734160
2143,731520
2144,729660
2145,703500
2146,721500
2147,705240
2148,711780
2149,725880
2150,716040
2151,714660
2152,723720
2153,711960
2154,696600
2155,714420
2156,725400
2157,709080
2158,731460
2159,733260
2160,729240
2161,718020
2162,687420
2163,701640
2164,681780
2165,703500
2166,693060
2167,692340
2168,716760
2169,722640
2170,708180
2171,712620
2172,710040
2173,705480
2174,717780
2175,727560
2176,720360
2177,729600
2178,735180
2179,731880
2180,727500
2181,730500
2182,724500
2183,723840
2184,733020
2185,722400
2186,726240
2187,735480
2188,734220
2189,716760
2190,731340
2191,723120
2192,723420
2193,731820
2194,740100
2195,736860
2196,728640
2197,727320
2198,722640
2199,728220
2200,734820
2201,726900
2202,711480
2203,722940
2204,733980
2205,723960
2206,731520
2207,726360
2208,724620
2209,727860
2210,728160
2211,732420
2212,722220
2213,727080
2214,720840
2215,723840
2216,737820
2217,731040
2218,725100
2219,717120
2220,720120
2221,736080
2222,719940
2223,736500
2224,732360
2225,730920
2226,729060
2227,735540
2228,736260
2229,738240
2230,733080
2231,738840
2232,737940
2233,726420
2234,731220
2235,739260
2236,725520
2237,731160
2238,721800
2239,719760
2240,735120
2241,733440
2242,728640
2243,733560
2244,731760
2245,730320
2246,723360
2247,725040
2248,734760
2249,729840
2250,729660
2251,733560
2252,722280
2253,736440
2254,725160
2255,724080
2256,733440
2257,732300
2258,721680
2259,731220
2260,730920
2261,728460
2262,726960
2263,732420
2264,738120
2265,732180
2266,722040
2267,729120
2268,727440
2269,725460
2270,722760
2271,732720
2272,724920
2273,703740
2274,694440
2275,696780
2276,710220
2277,725820
2278,714720
2279,710280
2280,723780
2281,709620
2282,697860
2283,697140
2284,697440
2285,682560
2286,712500
2287,691140
2288,720000
2289,713760
2290,704640
2291,717660
2292,717000
2293,684480
2294,701520
2295,711720
2296,695520
2297,695820
2298,693900
2299,716820
2300,715680
2301,711000
2302,682200
2303,728100
2304,679200
2305,686220
2306,667080
2307,698160
2308,691200
2309,697800
2310,715560
2311,716940
2312,713820
2313,728340
2314,706800
2315,724560
2316,719040
2317,727860
2318,721920
2319,735660
2320,737400
2321,728400
2322,734520
2323,727980
2324,710880
2325,727680
2326,721080
2327,736800
2328,715920
2329,728160
2330,731580
2331,727680
2332,725040
2333,730380
2334,724500
2335,730560
2336,723420
2337,727800
2338,725220
2339,717300
2340,712620
2341,729300
2342,729180
2343,723780
2344,727440
2345,727620
2346,733500
2347,719760
2348,711180
2349,739620
2350,722160
2351,733860
2352,727200
2353,721560
2354,724380
2355,732240
2356,725880
2357,732300
2358,733440
2359,727980
2360,733080
2361,727260
2362,729120
2363,721560
2364,736380
2365,728400
2366,741240
2367,727560
2368,728340
2369,726660
2370,746760
2371,734160
2372,720720
2373,727980
2374,724140
2375,729660
2376,733440
2377,729900
2378,726960
2379,728220
2380,730440
2381,727320
2382,727140
2383,737220
2384,723780
2385,730740
2386,734700
2387,718140
2388,727500
2389,729840
2390,715800
2391,726420
2392,728460
2393,724980
2394,723780
2395,731400
2396,735000
2397,735600
2398,723420
2399,732660
2400,729780
2401,737160
2402,707940
2403,737640
2404,727740
2405,729120
2406,724080
2407,718020
2408,733440
2409,720780
2410,726360
2411,733560
2412,724260
2413,730980
2414,729360
2415,717600
2416,725340
2417,737040
2418,735480
2419,733740
2420,738540
2421,724920
2422,731340
2423,735840
2424,741480
2425,742440
2426,726900
2427,721500
2428,722160
2429,735600
2430,732480
2431,730080
2432,739380
2433,727560
2434,729240
2435,734040
2436,734040
2437,732300
2438,742020
2439,732900
2440,725820
2441,733860
2442,734940
2443,731880
2444,726780
2445,725040
2446,694380
2447,700380
2448,729240
2449,700380
2450,695220
2451,719640
2452,703620
2453,721800
2454,701280
2455,703140
2456,698100
2457,729000
2458,717480
2459,717720
2460,703500
2461,700980
2462,703800
2463,701460
2464,693900
2465,692460
2466,659100
2467,676740
2468,694980
2469,691020
2470,695280
2471,706200
2472,704040
2473,700140
2474,684600
2475,685920
2476,714180
2477,731160
2478,729900
2479,732840
2480,725400
2481,688560
2482,733740
2483,738780
2484,736620
2485,710580
2486,686280
2487,734220
2488,734640
2489,725640
2490,730020
2491,725820
2492,735660
2493,735900
2494,735900
2495,730020
2496,730080
2497,723780
2498,737880
2499,731940
2500,727020
2501,727860
2502,739680
2503,736320
2504,719100
2505,741240
2506,724380
2507,727440
2508,734940
2509,732660
2510,719580
2511,726360
2512,739440
2513,733920
2514,728640
2515,731820
2516,733200
2517,731820
2518,738060
2519,739800
2520,721200
2521,737400
2522,725700
2523,721920
2524,739260
2525,732720
2526,732240
2527,730320
2528,732360
2529,735480
2530,739080
2531,720960
2532,731280
2533,735240
2534,728280
2535,733440
2536,738000
2537,724740
2538,734880
2539,728520
2540,727740
2541,729780
2542,735660
2543,733380
2544,731880
2545,727440
2546,729060
2547,732420
2548,732780
2549,726360
2550,728400
2551,740280
2552,732780
2553,722640
2554,730920
2555,722040
2556,717300
2557,695400
2558,710940
2559,677100
2560,670740
2561,695940
2562,693540
2563,689640
2564,719400
2565,719820
2566,706260
2567,708600
2568,711000
2569,697680
2570,714840
2571,711180
2572,711840
2573,702540
2574,707100
2575,716040
2576,711960
2577,669300
2578,702000
2579,661140
2580,661920
2581,685020
2582,703020
2583,714480
2584,724380
2585,727680
2586,742320
2587,734580
2588,729120
2589,726540
2590,732000
2591,732780
2592,729660
2593,741840
2594,731640
2595,731760
2596,735900
2597,727980
2598,720240
2599,720720
2600,723180
2601,734820
2602,710340
2603,713280
2604,732000
2605,733320
2606,728280
2607,735900
2608,726600
2609,741060
2610,727200
2611,735420
2612,731820
2613,737940
2614,743400
2615,739740
2616,728520
2617,725580
2618,727800
2619,719460
2620,732840
2621,731640
2622,736020
2623,728100
2624,728460
2625,735720
2626,735900
2627,732120
2628,735960
2629,735660
2630,724620
2631,737400
2632,731700
2633,730860
2634,729660
2635,738300
2636,712080
2637,732720
2638,726480
2639,740220
2640,723480
2641,693180
2642,719100
2643,734700
2644,730380
2645,724260
2646,725760
2647,725280
2648,738480
2649,731160
2650,736800
2651,735420
2652,735000
2653,723240
2654,717960
2655,724920
2656,732420
2657,722460
2658,723300
2659,730320
2660,739200
2661,729240
2662,741300
2663,743820
2664,735120
2665,729660
2666,722580
2667,727380
2668,741180
2669,734940
2670,731820
2671,724320
2672,733380
2673,723360
2674,741060
2675,738780
2676,716160
2677,728220
2678,734100
2679,739440
2680,744300
2681,735780
2682,736080
2683,729240
2684,726900
2685,734820
2686,730140
2687,733200
2688,732960
2689,730860
2690,738480
2691,733380
2692,727200
2693,729300
2694,739980
2695,730680
2696,724140
2697,738480
2698,732540
2699,731820
2700,739560
2701,739860
2702,736860
2703,739560
2704,735540
2705,719580
2706,730740
2707,740940
2708,735000
2709,729540
2710,724440
2711,737820
2712,730860
2713,731520
2714,730980
2715,733320
2716,736620
2717,731640
2718,731640
2719,725100
2720,723420
2721,732600
2722,732060
2723,732360
2724,738900
2725,733680
2726,732060
2727,727620
2728,738120
2729,727020
2730,733020
2731,734700
2732,730440
2733,733320
2734,714720
2735,731880
2736,730020
2737,727980
2738,732960
2739,721800
2740,729600
2741,731340
2742,738900
2743,726480
2744,720540
2745,727440
2746,735000
2747,727980
2748,728820
2749,734040
2750,737880
2751,733980
2752,734340
2753,736140
2754,731400
2755,733560
2756,733380
2757,724380
2758,711420
2759,713880
2760,733140
2761,723960
2762,735600
2763,726780
2764,727380
2765,731760
2766,721920
2767,737040
2768,716700
2769,709680
2770,729000
2771,711240
2772,710040
2773,714900
2774,713220
2775,700200
2776,718680
2777,669420
2778,682920
2779,688560
2780,694680
2781,701880
2782,710280
2783,700620
2784,697080
2785,693000
2786,690540
2787,703020
2788,723780
2789,706860
2790,699180
2791,699960
2792,696540
2793,705240
2794,683040
2795,711180
2796,685020
2797,671880
2798,680880
2799,706020
2800,714180
2801,722100
2802,731580
2803,739800
2804,738960
2805,708960
2806,719340
2807,730500
2808,731340
2809,735720
2810,725880
2811,738720
2812,720120
2813,728940
2814,730380
2815,732540
2816,696360
2817,733680
2818,735540
2819,739020
2820,729780
2821,729780
2822,733320
2823,726180
2824,728340
2825,733920
2826,735780
2827,733800
2828,717840
2829,733140
2830,728220
2831,733560
2832,732900
2833,735420
2834,730740
2835,711600
2836,730200
2837,728160
2838,723420
2839,720420
2840,736800
2841,722880
2842,728160
2843,735780
2844,727320
2845,735480
2846,735480
2847,737700
2848,732120
2849,732540
2850,723060
2851,727620
2852,728280
2853,731220
2854,723360
2855,722220
2856,726660
2857,737760
2858,727020
2859,730680
2860,730680
2861,720660
2862,738120
2863,739440
2864,737520
2865,729540
2866,721260
2867,737820
2868,721080
2869,723600
2870,681480
2871,707280
2872,741420
2873,696120
2874,695280
2875,706980
2876,733140
2877,726960
2878,713040
2879,690540
2880,704160
2881,724620
2882,727680
2883,708120
2884,714720
2885,720300
2886,711420
2887,701460
2888,730500
2889,665340
2890,695820
2891,713760
2892,710280
2893,710100
2894,712620
2895,720960
2896,719280
2897,703800
2898,695520
2899,697980
2900,715500
2901,734040
2902,710220
2903,716760
2904,724560
2905,713640
2906,709920
2907,711000
2908,715020
2909,683520
2910,711840
2911,692040
2912,691500
2913,701460
2914,703620
2915,723720
2916,714540
2917,701520
2918,688320
2919,691680
2920,706140
2921,726000
2922,690960
2923,711600
2924,726240
2925,730080
2926,734340
2927,728700
2928,693240
2929,721200
2930,739020
2931,734160
2932,734280
2933,728580
2934,718140
2935,725820
2936,728220
2937,721440
2938,741900
2939,723660
2940,738000
2941,735120
2942,728220
2943,738840
2944,733920
2945,722460
2946,728280
2947,738240
2948,725820
2949,724200
2950,728400
2951,729600
2952,731520
2953,728280
2954,721620
2955,727620
2956,718320
2957,738000
2958,722280
2959,735180
2960,734160
2961,732900
2962,732300
2963,729120
2964,734700
2965,733800
2966,737220
2967,731580
2968,722340
2969,729300
2970,725280
2971,735360
2972,731820
2973,712500
2974,725100
2975,732060
2976,733020
2977,714540
2978,723900
2979,729600
2980,730680
2981,742140
2982,728760
2983,736620
2984,728580
2985,736800
2986,730680
2987,717600
2988,728040
2989,728760
2990,734280
2991,738780
2992,722640
2993,722220
2994,730320
2995,724740
2996,733800
2997,736080
2998,733140
2999,733020
3000,731940
3001,725820
3002,720480
3003,736260
3004,729240
3005,733800
3006,728100
3007,716280
3008,724800
3009,731160
3010,734760
3011,718680
3012,718920
3013,729000
3014,732660
3015,716640
3016,735420
3017,726900
3018,735540
3019,726720
3020,728580
3021,726480
3022,735840
3023,732420
3024,733860
3025,734460
3026,714900
3027,719520
3028,736200
3029,726420
3030,718380
3031,709320
3032,736500
3033,730020
3034,732000
3035,736620
3036,740280
3037,732360
3038,741360
3039,742260
3040,733620
3041,737700
3042,729000
3043,720780
3044,733380
3045,734100
3046,710880
3047,722700
3048,731520
3049,728040
3050,717360
3051,720360
3052,711060
3053,729660
3054,720180
3055,730320
3056,728460
3057,725220
3058,718740
3059,715380
3060,720780
3061,716580
3062,723840
3063,733680
3064,725880
3065,724920
3066,717840
3067,720540
3068,719760
3069,689940
3070,695160
3071,719940
3072,727080
3073,714540
3074,731400
3075,727860
3076,717360
3077,727320
3078,702720
3079,703620
3080,727980
3081,725700
3082,725640
3083,728400
3084,727500
3085,726900
3086,733080
3087,723480
3088,721380
3089,716580
3090,736140
3091,724260
3092,741540
3093,731280
3094,731520
3095,729420
3096,728280
3097,729840
3098,724560
3099,728580
3100,729060
3101,734220
3102,735180
3103,739140
3104,721980
3105,721620
3106,723360
3107,730500
3108,722100
3109,738960
3110,728460
3111,734220
3112,728640
3113,733560
3114,730620
3115,738480
3116,721380
3117,738720
3118,729180
3119,726180
3120,728280
3121,730140
3122,734580
3123,725580
3124,729780
3125,710760
3126,737520
3127,723000
3128,734280
3129,734520
3130,723720
3131,729060
3132,718020
3133,735780
3134,725460
3135,738000
3136,729300
3137,735960
3138,732900
3139,730800
3140,722880
3141,724740
3142,728100
3143,731820
3144,724140
3145,733080
3146,737160
3147,726240
3148,715800
3149,735120
3150,726900
3151,737760
3152,740280
3153,731340
3154,723720
3155,733740
3156,735660
3157,731640
3158,729900
3159,737640
3160,738540
3161,725400
3162,716640
3163,734400
3164,719220
3165,734340
3166,714720
3167,723300
3168,726840
3169,728640
3170,723120
3171,722520
3172,728160
3173,731760
3174,736620
3175,735960
3176,728940
3177,727620
3178,734760
3179,733980
3180,738540
3181,719580
3182,738900
3183,731340
3184,735840
3185,727740
3186,715560
3187,732660
3188,733020
3189,741900
3190,738060
3191,730920
3192,740640
3193,729480
3194,733140
3195,720840
3196,729180
3197,736080
3198,728340
3199,724560
3200,727620
3201,724440
3202,723000
3203,719580
3204,730200
3205,727560
3206,727440
3207,729540
3208,733740
3209,742080
3210,731400
3211,737460
3212,724500
3213,714120
3214,732780
3215,732540
3216,733980
3217,731520
3218,720720
3219,734220
3220,735360
3221,724140
3222,712560
3223,741540
3224,736320
3225,723840
3226,728880
3227,731040
3228,739800
3229,739920
3230,725160
3231,730380
3232,731340
3233,736200
3234,737940
3235,726960
3236,726120
3237,722880
3238,736800
3239,729480
3240,718320
3241,694200
3242,713100
3243,715020
3244,725880
3245,720360
3246,729000
3247,727920
3248,726840
3249,722220
3250,713460
3251,710880
3252,719940
3253,730260
3254,719640
3255,723960
3256,717420
3257,726780
3258,715800
3259,715140
3260,725880
3261,672180
3262,712800
3263,712320
3264,709260
3265,716640
3266,717660
3267,709920
3268,718260
3269,695340
3270,690120
3271,707160
3272,702540
3273,701280
3274,710700
3275,712380
3276,730440
3277,726720
3278,734400
3279,729180
3280,726900
3281,734820
3282,729840
3283,726480
3284,714900
3285,728280
3286,732480
3287,732420
3288,737700
3289,739680
3290,720960
3291,729540
3292,732180
3293,729060
3294,734340
3295,743220
3296,732120
3297,727260
3298,729600
3299,721260
3300,730860
3301,735120
3302,725520
3303,719280
3304,722700
3305,730140
3306,736860
3307,724560
3308,741840
3309,740220
3310,730740
3311,728520
3312,733080
3313,726720
3314,730380
3315,724920
3316,721440
3317,735000
3318,733200
3319,734160
3320,726240
3321,741000
3322,742140
3323,730740
3324,717840
3325,738840
3326,729060
3327,741540
3328,726420
3329,728460
3330,730500
3331,724680
3332,745080
3333,730680
3334,735240
3335,728460
3336,738420
3337,723780
3338,737760
3339,735600
3340,728940
3341,737340
3342,713340
3343,705420
3344,729900
3345,736020
3346,735720
3347,731700
3348,723660
3349,730560
3350,718500
3351,731700
3352,729120
3353,742260
3354,719280
3355,717360
3356,736560
3357,706560
3358,714960
3359,734400
3360,728820
3361,731760
3362,727620
3363,733500
3364,728940
3365,733740
3366,740760
3367,730500
3368,730680
3369,722520
3370,729540
3371,731700
3372,729300
3373,726780
3374,730440
3375,728220
3376,739860
3377,723180
3378,731160
3379,728880
3380,719520
3381,726540
3382,736920
3383,739860
3384,732720
3385,733620
3386,727080
3387,716460
3388,722700
3389,730260
3390,730200
3391,730320
3392,728160
3393,728220
3394,735420
3395,733020
3396,725520
3397,729240
3398,740520
3399,729180
3400,723180
3401,726360
3402,737160
3403,734340
3404,726600
3405,737400
3406,714060
3407,731100
3408,736320
3409,720060
3410,739860
3411,733980
3412,730680
3413,728220
3414,738780
3415,739140
3416,734400
3417,728640
3418,738720
3419,736080
3420,698640
3421,720300
3422,730860
3423,723540
3424,729840
3425,716100
3426,739440
3427,719460
3428,716580
3429,727980
3430,713700
3431,712080
3432,731880
3433,738180
3434,738300
3435,734880
3436,727620
3437,713760
3438,718080
3439,723660
3440,665040
3441,683280
3442,693600
3443,696780
3444,692580
3445,672780
3446,733740
3447,724680
3448,725400
3449,744960
3450,727440
3451,732420
3452,741360
3453,733260
3454,738420
3455,728400
3456,731160
3457,734040
3458,728460
3459,738660
3460,731220
3461,731760
3462,721140
3463,734280
3464,730140
3465,728280
3466,729720
3467,731760
3468,729120
3469,739740
3470,731520
3471,731280
3472,734880
3473,726960
3474,733140
3475,733560
3476,734400
3477,727620
3478,730740
3479,731460
3480,721680
3481,721140
3482,737940
3483,735660
3484,733320
3485,732780
3486,739440
3487,735300
3488,727500
3489,735300
3490,728820
3491,721320
3492,736200
3493,732660
3494,721620
3495,710280
3496,742560
3497,725520
3498,738060
3499,731580
3500,727980
3501,732180
3502,740640
3503,733560
3504,730860
3505,731040
3506,744180
3507,726960
3508,728580
3509,728760
3510,741480
3511,742920
3512,738960
3513,733980
3514,711180
3515,725940
3516,738480
3517,728640
3518,726540
3519,730860
3520,740520
3521,740340
3522,727680
3523,727440
3524,735900
3525,722760
3526,726000
3527,728220
3528,735960
3529,728640
3530,726240
3531,737160
3532,718440
3533,716160
3534,681840
3535,718860
3536,715500
3537,714780
3538,731520
3539,734280
3540,736800
3541,731880
3542,735000
3543,714540
3544,727740
3545,720120
3546,717540
3547,730080
3548,723360
3549,720120
3550,724800
3551,730320
3552,732600
3553,710460
3554,694620
3555,733740
3556,725760
3557,721080
3558,726300
3559,731100
3560,706800
3561,694200
3562,688620
3563,685500
3564,693300
3565,705480
3566,694560
3567,676140
3568,675840
3569,738420
3570,734340
3571,740040
3572,729060
3573,725400
3574,732780
3575,712140
3576,735420
3577,717240
3578,724020
3579,724560
3580,725940
3581,737400
3582,739680
3583,726000
3584,732240
3585,731940
3586,739320
3587,731820
3588,731220
3589,721800
3590,727920
3591,732960
3592,711900
3593,737640
3594,715500
3595,728760
3596,719820
3597,691020
3598,733560
3599,733740
3600,724860
3601,722400
3602,727020
3603,730740
3604,743820
3605,730800
3606,732660
3607,725760
3608,730140
3609,729660
3610,730200
3611,739140
3612,720900
3613,712140
3614,714000
3615,732660
3616,732060
3617,721260
3618,736920
3619,738540
3620,724380
3621,731940
3622,735600
3623,731340
3624,722760
3625,736080
3626,725580
3627,738720
3628,737220
3629,726900
3630,740040
3631,725100
3632,734280
3633,733140
3634,734160
3635,728580
3636,732180
3637,722580
3638,735060
3639,734940
3640,733080
3641,727380
3642,729000
3643,737520
3644,731040
3645,728580
3646,735300
3647,721560
3648,736860
3649,740160
3650,730500
3651,737280
3652,728880
3653,729120
3654,736200
3655,739260
3656,730020
3657,731400
3658,730980
3659,730980
3660,727380
3661,734040
3662,726240
3663,726900
3664,738000
3665,726480
3666,728160
3667,726600
3668,736140
3669,724320
3670,732180
3671,728100
3672,730260
3673,725880
3674,722760
3675,729540
3676,731100
3677,728940
3678,737520
3679,730380
3680,728820
3681,736140
3682,732660
3683,734280
3684,733620
3685,728880
3686,737040
3687,725640
3688,739500
3689,731340
3690,732720
3691,736560
3692,736980
3693,740880
3694,728820
3695,734700
3696,728820
3697,740040
3698,737940
3699,731520
3700,724200
3701,725700
3702,726780
3703,733560
3704,732540
3705,727380
3706,724740
3707,723540
3708,703560
3709,728520
3710,735600
3711,731820
3712,734520
3713,733680
3714,726000
3715,726060
3716,727020
3717,735540
3718,730620
3719,733320
3720,728040
3721,726660
3722,722580
3723,731580
3724,731220
3725,680220
3726,713100
3727,689880
3728,707460
3729,723660
3730,709020
3731,707100
3732,704160
3733,723120
3734,702600
3735,725160
3736,739380
3737,720000
3738,697920
3739,718200
3740,709560
3741,726480
3742,697620
3743,676560
3744,683640
3745,696300
3746,700620
3747,708720
3748,706560
3749,705660
3750,708000
3751,697800
3752,696360
3753,721980
3754,672000
3755,682980
3756,710940
3757,708720
3758,706980
3759,716400
3760,712020
3761,712320
3762,698580
3763,679080
3764,696960
3765,700560
3766,705300
3767,714660
3768,708780
3769,717480
3770,699300
3771,700800
3772,685860
3773,703980
3774,654480
3775,674100
3776,673200
3777,685800
3778,684660
3779,706440
3780,711480
3781,703200
3782,689580
3783,677220
3784,696420
3785,700500
3786,711480
3787,695340
3788,704580
3789,685380
3790,715980
3791,721980
3792,693720
3793,706920
3794,656220
3795,677100
3796,704580
3797,720240
3798,720180
3799,726480
3800,726840
3801,723540
3802,719400
3803,731220
3804,721980
3805,719040
3806,715980
3807,726000
3808,719040
3809,716580
3810,716340
3811,722280
3812,716580
3813,713700
3814,692220
3815,737640
3816,730380
3817,735960
3818,726300
3819,733980
3820,725400
3821,722400
3822,715200
3823,742980
3824,731760
3825,727440
3826,724860
3827,726420
3828,738420
3829,729480
3830,732540
3831,726420
3832,729240
3833,713400
3834,721020
3835,735000
3836,733860
3837,726180
3838,742440
3839,734040
3840,728280
3841,728520
3842,717480
3843,734100
3844,727560
3845,712680
3846,728400
3847,728520
3848,742560
3849,735480
3850,728520
3851,736680
3852,731580
3853,723060
3854,732480
3855,729480
3856,742560
3857,731880
3858,745200
3859,733080
3860,737820
3861,730620
3862,737820
3863,728280
3864,714780
3865,726360
3866,738600
3867,742800
3868,744360
3869,734700
3870,737880
3871,730080
3872,716340
3873,732180
3874,744780
3875,734160
3876,726840
3877,734760
3878,724560
3879,730800
3880,731160
3881,737220
3882,730800
3883,727380
3884,732540
3885,724560
3886,728280
3887,735360
3888,737280
3889,732120
3890,729300
3891,723600
3892,728400
3893,733260
3894,722580
3895,734160
3896,727020
3897,728160
3898,724920
3899,722760
3900,717240
3901,728520
3902,728460
3903,720000
3904,727200
3905,729600
3906,729480
3907,735960
3908,735660
3909,730920
3910,730320
3911,732960
3912,729360
3913,745260
3914,731700
3915,715680
3916,735540
3917,739800
3918,730500
3919,734340
3920,732660
3921,735600
3922,742320
3923,725340
3924,728700
3925,739080
3926,728040
3927,739200
3928,722700
3929,729480
3930,728340
3931,732840
3932,729540
3933,719280
3934,740340
3935,732480
3936,728640
3937,726360
3938,728040
3939,728940
3940,723300
3941,728760
3942,726840
3943,712260
3944,738480
3945,729480
3946,738300
3947,733440
3948,715500
3949,744540
3950,728640
3951,728340
3952,713940
3953,707760
3954,711660
3955,714000
3956,717420
3957,726000
3958,710940
3959,716400
3960,689640
3961,716400
3962,664260
3963,669840
3964,722100
3965,723660
3966,714900
3967,724440
3968,715560
3969,714720
3970,725880
3971,690900
3972,679980
3973,719760
3974,709260
3975,716580
3976,717780
3977,715320
3978,724320
3979,709440
3980,690780
3981,704040
3982,688320
3983,673740
3984,704640
3985,690540
3986,689040
3987,700200
3988,730440
3989,688620
3990,720720
3991,684300
3992,703800
3993,692820
3994,733620
3995,701520
3996,703560
3997,698280
3998,713880
3999,703200
4000,689520
4001,699480
4002,701280
4003,692580
4004,721980
4005,726900
4006,737520
4007,716340
4008,711600
4009,739680
4010,733020
4011,728640
4012,715320
4013,722760
4014,739680
4015,724320
4016,736620
4017,730980
4018,732840
4019,732960
4020,723720
4021,723660
4022,719880
4023,712020
4024,734160
4025,729240
4026,730860
4027,729420
4028,722820
4029,727440
4030,736200
4031,735540
4032,728880
4033,713040
4034,732900
4035,739200
4036,735240
4037,744780
4038,731460
4039,722760
4040,729660
4041,727980
4042,731160
4043,736680
4044,729300
4045,734700
4046,725820
4047,717480
4048,739800
4049,735540
4050,728340
4051,721260
4052,731460
4053,734700
4054,719640
4055,736080
4056,735120
4057,728400
4058,723240
4059,736260
4060,731700
4061,733560
4062,728820
4063,739260
4064,729480
4065,742380
4066,719340
4067,721320
4068,733860
4069,735660
4070,733800
4071,729120
4072,728220
4073,739320
4074,730620
4075,727320
4076,733200
4077,733620
4078,730140
4079,738180
4080,734340
4081,716580
4082,721680
4083,734520
4084,725460
4085,729840
4086,741420
4087,736800
4088,733080
4089,716760
4090,730140
4091,728520
4092,722400
4093,730860
4094,736620
4095,741120
4096,739380
4097,725520
4098,723840
4099,737400
4100,727920
4101,727200
4102,715500
4103,696300
4104,713340
4105,712680
4106,677100
4107,667980
4108,695280
4109,705240
4110,719220
4111,717360
4112,724020
4113,702900
4114,709860
4115,704160
4116,702720
4117,711240
4118,715440
4119,717720
4120,710880
4121,728040
4122,697500
4123,729900
4124,706980
4125,707220
4126,677640
4127,692520
4128,704520
4129,712020
4130,714300
4131,722160
4132,720060
4133,720720
4134,728100
4135,699660
4136,690000
4137,718380
4138,713280
4139,725100
4140,712620
4141,722400
4142,708840
4143,708660
4144,713100
4145,690120
4146,680220
4147,698880
4148,698220
4149,710400
4150,713400
4151,718740
4152,705540
4153,721200
4154,701760
4155,688380
4156,680040
4157,712860
4158,717120
4159,713760
4160,700980
4161,701100
4162,728100
4163,707580
4164,707880
4165,726480
4166,699480
4167,728400
4168,729480
4169,714540
4170,731400
4171,737340
4172,729900
4173,727140
4174,728040
4175,731940
4176,729840
4177,739740
4178,733380
4179,730680
4180,721560
4181,730440
4182,740880
4183,741960
4184,733440
4185,726480
4186,709920
4187,733080
4188,726600
4189,729780
4190,730140
4191,726300
4192,735660
4193,720780
4194,615120
4195,534000
4196,414240
4197,143400
4198,0
4199,0
