timestamp,questions,qps,com_commit,com_rollback,tps,threads_running,threads_connected,pages_flushed,pages_flushed_ps,purge_trx_id,purge_tps,history_list_length
2026-04-29 16:34:03,32,0,41,0,0,2,1,1620,0,0,0,0
2026-04-29 16:34:04,42,10,41,0,0,2,3,1620,0,0,0,0
2026-04-29 16:34:05,528,486,199,1,159,4,6,3957,2337,0,0,0
2026-04-29 16:34:06,1914,1386,676,3,479,7,8,3957,0,0,0,0
2026-04-29 16:34:07,4114,2200,1429,10,760,9,10,3957,0,0,0,0
2026-04-29 16:34:08,7323,3209,2545,13,1119,11,12,3957,0,0,0,0
2026-04-29 16:34:09,11882,4559,4115,20,1577,13,14,3957,0,0,0,0
2026-04-29 16:34:10,17665,5783,6105,32,2002,13,17,3957,0,0,0,0
2026-04-29 16:34:11,24930,7265,8615,48,2526,18,19,3957,0,0,0,0
2026-04-29 16:34:13,33478,8548,11563,69,2969,19,21,3957,0,0,0,0
2026-04-29 16:34:14,42592,9114,14727,79,3174,21,23,3957,0,0,0,0
2026-04-29 16:34:15,53642,11050,18550,96,3840,24,25,3957,0,0,0,0
2026-04-29 16:34:16,65900,12258,22800,112,4266,27,28,3957,0,0,0,0
2026-04-29 16:34:17,80436,14536,27829,134,5051,28,30,3957,0,0,0,0
2026-04-29 16:34:18,97065,16629,33610,166,5813,30,32,3957,0,0,0,0
2026-04-29 16:34:19,114786,17721,39746,190,6160,31,34,3957,0,0,0,0
2026-04-29 16:34:20,133886,19100,46356,218,6638,35,36,3957,0,0,0,0
2026-04-29 16:34:22,154255,20369,53417,246,7089,38,39,3957,0,0,0,0
2026-04-29 16:34:23,175510,21255,60780,279,7396,39,41,6135,2178,0,0,0
2026-04-29 16:34:24,197622,22112,68450,298,7689,42,43,8187,2052,0,0,0
2026-04-29 16:34:25,221176,23554,76617,339,8208,44,45,10235,2048,0,0,0
2026-04-29 16:34:26,247140,25964,85596,386,9026,45,48,12305,2070,0,0,0
2026-04-29 16:34:27,274231,27091,94985,430,9433,49,50,14361,2056,0,0,0
2026-04-29 16:34:28,302600,28369,104839,474,9898,50,52,18375,4014,0,0,0
2026-04-29 16:34:29,333202,30602,115407,525,10619,53,54,20405,2030,0,0,0
2026-04-29 16:34:30,365001,31799,126406,583,11057,54,57,22413,2008,0,0,0
2026-04-29 16:34:32,397953,32952,137854,633,11498,56,59,24445,2032,0,0,0
2026-04-29 16:34:33,432507,34554,149839,688,12040,54,61,26489,2044,0,0,0
2026-04-29 16:34:34,467539,35032,161987,739,12199,62,63,28499,2010,0,0,0
2026-04-29 16:34:35,505025,37486,174956,789,13019,62,66,30489,1990,0,0,0
2026-04-29 16:34:36,543698,38673,188355,842,13452,64,68,32851,2362,0,0,0
2026-04-29 16:34:37,581838,38140,201620,888,13311,68,70,37649,4798,0,0,0
2026-04-29 16:34:38,622488,40650,215746,952,14190,66,72,40093,2444,0,0,0
2026-04-29 16:34:39,664268,41780,230273,1014,14589,71,75,42565,2472,0,0,0
2026-04-29 16:34:41,707051,42783,245107,1091,14911,71,77,44987,2422,0,0,0
2026-04-29 16:34:42,750596,43545,260204,1150,15156,75,79,47431,2444,0,0,0
2026-04-29 16:34:43,794260,43664,275352,1205,15203,79,81,49859,2428,0,0,0
2026-04-29 16:34:44,839184,44924,290912,1287,15642,76,83,52327,2468,0,0,0
2026-04-29 16:34:45,884058,44874,306496,1365,15662,82,83,54789,2462,0,0,0
2026-04-29 16:34:46,929322,45264,322200,1430,15769,79,83,59723,4934,0,0,0
2026-04-29 16:34:47,976044,46722,338409,1509,16288,81,83,62189,2466,0,0,0
2026-04-29 16:34:48,1023366,47322,354813,1586,16481,76,83,64663,2474,0,0,0
2026-04-29 16:34:50,1071115,47749,371332,1683,16616,78,83,67195,2532,0,0,0
2026-04-29 16:34:51,1119625,48510,388148,1764,16897,80,83,69723,2528,0,0,0
2026-04-29 16:34:52,1168132,48507,404941,1841,16870,75,83,72261,2538,0,0,0
2026-04-29 16:34:53,1215582,47450,421420,1903,16541,76,83,83271,11010,0,0,0
2026-04-29 16:34:54,1262294,46712,437642,1977,16296,82,83,94197,10926,0,0,0
2026-04-29 16:34:55,1308646,46352,453723,2048,16152,81,83,105015,10818,0,0,0
2026-04-29 16:34:56,1355051,46405,469839,2131,16199,74,83,126587,21572,0,0,0
2026-04-29 16:34:58,1402493,47442,486298,2209,16537,82,83,137275,10688,0,0,0
2026-04-29 16:34:59,1450512,48019,502962,2269,16724,79,83,147917,10642,0,0,0
2026-04-29 16:35:00,1498019,47507,519472,2335,16576,80,83,158469,10552,0,0,0
2026-04-29 16:35:01,1546300,48281,536213,2407,16813,78,83,169013,10544,0,0,0
2026-04-29 16:35:02,1594098,47798,552830,2485,16695,82,83,179489,10476,0,0,0
2026-04-29 16:35:03,1641862,47764,569435,2545,16665,80,83,189967,10478,0,0,0
2026-04-29 16:35:04,1689401,47539,585957,2616,16593,79,83,210951,20984,0,0,0
2026-04-29 16:35:05,1738203,48802,602902,2687,17016,79,83,221345,10394,0,0,0
2026-04-29 16:35:07,1788336,50133,620241,2766,17418,82,83,231737,10392,0,0,0
2026-04-29 16:35:08,1837035,48699,637162,2838,16993,81,83,242199,10462,0,0,0
2026-04-29 16:35:09,1885353,48318,653948,2905,16853,81,83,252603,10404,0,0,0
2026-04-29 16:35:10,1934550,49197,670996,2985,17128,78,83,262975,10372,0,0,0
2026-04-29 16:35:11,1983454,48904,687950,3055,17024,82,83,273309,10334,0,0,0
2026-04-29 16:35:12,2031034,47580,704461,3126,16582,81,83,283613,10304,0,0,0
2026-04-29 16:35:13,2079223,48189,721161,3191,16765,79,83,304163,20550,0,0,0
2026-04-29 16:35:15,2124893,45670,737031,3261,15940,82,83,314381,10218,0,0,0
2026-04-29 16:35:16,2171783,46890,753307,3327,16342,79,83,324417,10036,0,0,0
2026-04-29 16:35:17,2219207,47424,769774,3390,16530,81,83,334493,10076,0,0,0
2026-04-29 16:35:18,2267155,47948,786426,3461,16723,81,83,344511,10018,0,0,0
2026-04-29 16:35:19,2317799,50644,803947,3537,17597,82,83,354513,10002,0,0,0
2026-04-29 16:35:20,2367579,49780,821197,3616,17329,80,83,364545,10032,0,0,0
2026-04-29 16:35:21,2418525,50946,838837,3709,17733,79,83,384557,20012,0,0,0
2026-04-29 16:35:23,2469041,50516,856381,3782,17617,82,83,400849,16292,0,0,0
2026-04-29 16:35:24,2518753,49712,873670,3850,17357,80,83,417127,16278,0,0,0
2026-04-29 16:35:25,2568479,49726,890927,3940,17347,81,83,433413,16286,0,0,0
2026-04-29 16:35:26,2616917,48438,907804,4013,16950,82,83,449593,16180,0,0,0
2026-04-29 16:35:27,2665843,48926,924763,4089,17035,81,83,465695,16102,0,0,0
2026-04-29 16:35:28,2714412,48569,941617,4166,16931,82,83,481761,16066,0,0,0
2026-04-29 16:35:29,2763178,48766,958490,4245,16952,82,83,497797,16036,0,0,0
2026-04-29 16:35:31,2811055,47877,975083,4315,16663,80,83,529699,31902,0,0,0
2026-04-29 16:35:32,2860536,49481,992248,4391,17241,78,83,545575,15876,0,0,0
2026-04-29 16:35:33,2907609,47073,1008610,4464,16435,77,83,561283,15708,0,0,0
2026-04-29 16:35:34,2955584,47975,1025225,4539,16690,77,83,576873,15590,0,0,0
2026-04-29 16:35:35,3000728,45144,1040875,4597,15708,81,83,592455,15582,0,0,0
2026-04-29 16:35:36,3044848,44120,1056229,4667,15424,82,83,608013,15558,0,0,0
2026-04-29 16:35:37,3089339,44491,1071685,4740,15529,82,83,623425,15412,0,0,0
2026-04-29 16:35:38,3133871,44532,1087108,4839,15522,82,83,638827,15402,0,0,0
2026-04-29 16:35:40,3181200,47329,1103468,4916,16437,75,83,669329,30502,0,0,0
2026-04-29 16:35:41,3225669,44469,1118910,4975,15501,79,83,684569,15240,0,0,0
2026-04-29 16:35:42,3270309,44640,1134372,5050,15537,82,83,699809,15240,0,0,0
2026-04-29 16:35:43,3316445,46136,1150385,5127,16090,82,83,714953,15144,0,0,0
2026-04-29 16:35:44,3357664,41219,1164743,5187,14418,82,83,730115,15162,0,0,0
2026-04-29 16:35:45,3400654,42990,1179589,5264,14923,80,83,745229,15114,0,0,0
2026-04-29 16:35:46,3439339,38685,1193052,5327,13526,82,83,760253,15024,0,0,0
2026-04-29 16:35:47,3485582,46243,1209060,5391,16072,80,83,790143,29890,0,0,0
2026-04-29 16:35:49,3533308,47726,1225649,5447,16645,80,83,805025,14882,0,0,0
2026-04-29 16:35:50,3582293,48985,1242661,5505,17070,81,83,819851,14826,0,0,0
2026-04-29 16:35:51,3631253,48960,1259649,5579,17062,80,83,834619,14768,0,0,0
2026-04-29 16:35:52,3682214,50961,1277264,5661,17697,75,83,849277,14658,0,0,0
2026-04-29 16:35:53,3728909,46695,1293424,5727,16226,81,83,867155,17878,0,0,0
2026-04-29 16:35:54,3777110,48201,1310145,5803,16797,82,83,885069,17914,0,0,0
2026-04-29 16:35:55,3824417,47307,1326586,5863,16501,82,83,902845,17776,0,0,0
2026-04-29 16:35:57,3873325,48908,1343548,5914,17013,78,83,938283,35438,0,0,0
2026-04-29 16:35:58,3922734,49409,1360698,5991,17227,79,83,956035,17752,0,0,0
2026-04-29 16:35:59,3970902,48168,1377432,6056,16799,76,83,973851,17816,0,0,0
2026-04-29 16:36:00,4019439,48537,1394289,6144,16945,81,83,991661,17810,0,0,0
2026-04-29 16:36:01,4066102,46663,1410497,6205,16269,81,83,1009407,17746,0,0,0
2026-04-29 16:36:02,4111669,45567,1426326,6266,15890,82,83,1027227,17820,0,0,0
2026-04-29 16:36:03,4155478,43809,1441546,6335,15289,77,83,1044935,17708,0,0,0
2026-04-29 16:36:05,4196160,40682,1455632,6407,14158,82,83,1062655,17720,0,0,0
2026-04-29 16:36:06,4241575,45415,1471390,6468,15819,81,83,1097877,35222,0,0,0
2026-04-29 16:36:07,4288175,46600,1487559,6544,16245,78,83,1115501,17624,0,0,0
2026-04-29 16:36:08,4335625,47450,1504020,6607,16524,81,83,1133105,17604,0,0,0
2026-04-29 16:36:09,4380736,45111,1519646,6672,15691,82,83,1150567,17462,0,0,0
2026-04-29 16:36:10,4426941,46205,1535681,6744,16107,82,83,1168009,17442,0,0,0
2026-04-29 16:36:11,4473689,46748,1551939,6836,16350,82,83,1185269,17260,0,0,0
2026-04-29 16:36:12,4519925,46236,1567936,6925,16086,67,83,1202409,17140,0,0,0
2026-04-29 16:36:14,4558878,38953,1581433,6993,13565,77,83,1236277,33868,0,0,0
2026-04-29 16:36:15,4604867,45989,1597423,7067,16064,76,83,1252937,16660,0,0,0
2026-04-29 16:36:16,4643815,38948,1610953,7114,13577,73,83,1269499,16562,0,0,0
2026-04-29 16:36:17,4686111,42296,1625649,7172,14754,77,83,1286115,16616,0,0,0
2026-04-29 16:36:18,4727661,41550,1640017,7244,14440,79,83,1302721,16606,0,0,0
2026-04-29 16:36:19,4767509,39848,1653883,7307,13929,82,83,1319219,16498,0,0,0
2026-04-29 16:36:20,4808230,40721,1667999,7377,14186,81,83,1335643,16424,0,0,0
2026-04-29 16:36:22,4854372,46142,1683968,7454,16046,76,83,1368343,32700,0,0,0
2026-04-29 16:36:23,4900921,46549,1700145,7523,16246,81,83,1386171,17828,0,0,0
2026-04-29 16:36:24,4951890,50969,1717770,7620,17722,77,83,1403727,17556,0,0,0
2026-04-29 16:36:25,5003538,51648,1735694,7705,18009,81,83,1421183,17456,0,0,0
2026-04-29 16:36:26,5053538,50000,1753047,7764,17412,74,83,1438471,17288,0,0,0
2026-04-29 16:36:27,5103476,49938,1770400,7838,17427,68,83,1455623,17152,0,0,0
2026-04-29 16:36:28,5151757,48281,1787147,7912,16821,78,83,1472595,16972,0,0,0
2026-04-29 16:36:29,5199315,47558,1803648,7991,16580,79,83,1506345,33750,0,0,0
2026-04-29 16:36:31,5249023,49708,1820832,8079,17272,81,83,1523155,16810,0,0,0
2026-04-29 16:36:32,5298592,49569,1838032,8157,17278,82,83,1539907,16752,0,0,0
2026-04-29 16:36:33,5350611,52019,1856065,8235,18111,74,83,1556679,16772,0,0,0
2026-04-29 16:36:34,5402727,52116,1874184,8300,18184,69,83,1573329,16650,0,0,0
2026-04-29 16:36:35,5453912,51185,1891937,8371,17824,82,83,1589985,16656,0,0,0
2026-04-29 16:36:36,5504113,50201,1909350,8444,17486,82,83,1606555,16570,0,0,0
2026-04-29 16:36:37,5555003,50890,1926994,8512,17712,77,83,1623099,16544,0,0,0
2026-04-29 16:36:39,5606809,51806,1944954,8592,18040,78,83,1655961,32862,0,0,0
2026-04-29 16:36:40,5659186,52377,1963101,8674,18229,74,83,1672337,16376,0,0,0
2026-04-29 16:36:41,5710753,51567,1980999,8747,17971,73,83,1688625,16288,0,0,0
2026-04-29 16:36:42,5763359,52606,1999279,8820,18353,82,83,1704821,16196,0,0,0
2026-04-29 16:36:43,5814242,50883,2016966,8897,17764,68,83,1720979,16158,0,0,0
2026-04-29 16:36:44,5865701,51459,2034783,8981,17901,73,83,1736963,15984,0,0,0
2026-04-29 16:36:45,5916425,50724,2052408,9067,17711,82,83,1752887,15924,0,0,0
2026-04-29 16:36:47,5968987,52562,2070617,9151,18293,79,83,1784391,31504,0,0,0
2026-04-29 16:36:48,6020683,51696,2088619,9237,18088,82,83,1800005,15614,0,0,0
2026-04-29 16:36:49,6073517,52834,2106867,9320,18331,79,83,1815548,15543,0,0,0
2026-04-29 16:36:50,6126458,52941,2125210,9418,18441,79,83,1831060,15512,0,0,0
2026-04-29 16:36:51,6178790,52332,2143330,9489,18191,81,83,1846518,15458,0,0,0
2026-04-29 16:36:52,6230254,51464,2161182,9573,17936,82,83,1861957,15439,0,0,0
2026-04-29 16:36:53,6281420,51166,2178965,9640,17850,82,83,1878500,16543,0,0,0
2026-04-29 16:36:55,6333118,51698,2196911,9716,18022,74,83,1911535,33035,0,0,0
2026-04-29 16:36:56,6384975,51857,2214890,9785,18048,78,83,1927977,16442,0,0,0
2026-04-29 16:36:57,6436681,51706,2232809,9884,18018,76,83,1944417,16440,0,0,0
2026-04-29 16:36:58,6489150,52469,2251003,9965,18275,76,83,1960833,16416,0,0,0
2026-04-29 16:36:59,6541082,51932,2268984,10056,18072,82,83,1977139,16306,0,0,0
2026-04-29 16:37:00,6592112,51030,2286708,10141,17809,81,83,1993304,16165,0,0,0
2026-04-29 16:37:01,6643857,51745,2304621,10222,17994,81,83,2009349,16045,0,0,0
2026-04-29 16:37:03,6696256,52399,2322786,10311,18254,81,83,2041167,31818,0,0,0
2026-04-29 16:37:04,6748688,52432,2340969,10403,18275,79,83,2056962,15795,0,0,0
2026-04-29 16:37:05,6801431,52743,2359274,10478,18380,80,83,2072738,15776,0,0,0
2026-04-29 16:37:06,6853939,52508,2377487,10564,18299,82,83,2088544,15806,0,0,0
2026-04-29 16:37:07,6906579,52640,2395766,10638,18353,82,83,2104339,15795,0,0,0
2026-04-29 16:37:08,6958125,51546,2413638,10717,17951,82,83,2120021,15682,0,0,0
2026-04-29 16:37:09,7010403,52278,2431737,10791,18173,80,83,2135586,15565,0,0,0
2026-04-29 16:37:11,7062440,52037,2449848,10862,18182,82,83,2166485,30899,0,0,0
2026-04-29 16:37:12,7115895,53455,2468365,10938,18593,81,83,2181750,15265,0,0,0
2026-04-29 16:37:13,7168994,53099,2486769,11019,18485,77,83,2196992,15242,0,0,0
2026-04-29 16:37:14,7221024,52030,2504885,11094,18191,79,83,2212137,15145,0,0,0
2026-04-29 16:37:15,7273871,52847,2523220,11177,18418,78,83,2227253,15116,0,0,0
2026-04-29 16:37:16,7325635,51764,2541175,11256,18034,81,83,2242251,14998,0,0,0
2026-04-29 16:37:17,7375910,50275,2558602,11343,17514,79,83,2257202,14951,0,0,0
2026-04-29 16:37:19,7428454,52544,2576796,11407,18258,76,83,2287000,29798,0,0,0
2026-04-29 16:37:20,7482063,53609,2595392,11474,18663,82,83,2301855,14855,0,0,0
2026-04-29 16:37:21,7534383,52320,2613582,11547,18263,82,83,2316664,14809,0,0,0
2026-04-29 16:37:22,7587238,52855,2631911,11625,18407,71,83,2331412,14748,0,0,0
2026-04-29 16:37:23,7636882,49644,2649134,11694,17292,82,83,2346567,15155,0,0,0
2026-04-29 16:37:24,7687805,50923,2666837,11779,17788,82,83,2361678,15111,0,0,0
2026-04-29 16:37:25,7737994,50189,2684229,11861,17474,81,83,2376719,15041,0,0,0
2026-04-29 16:37:26,7786766,48772,2701193,11933,17036,81,83,2406485,29766,0,0,0
2026-04-29 16:37:28,7839012,52246,2719290,12015,18179,82,83,2421219,14734,0,0,0
2026-04-29 16:37:29,7890176,51164,2737036,12083,17814,77,83,2435863,14644,0,0,0
2026-04-29 16:37:30,7940699,50523,2754554,12159,17594,78,83,2450444,14581,0,0,0
2026-04-29 16:37:31,7990557,49858,2771832,12238,17357,74,83,2465033,14589,0,0,0
2026-04-29 16:37:32,8038029,47472,2788343,12300,16573,75,83,2479572,14539,0,0,0
2026-04-29 16:37:33,8084102,46073,2804360,12362,16079,82,83,2494092,14520,0,0,0
2026-04-29 16:37:34,8128064,43962,2819645,12424,15347,82,83,2508604,14512,0,0,0
2026-04-29 16:37:36,8171547,43483,2834670,12486,15087,79,83,2537627,29023,0,0,0
2026-04-29 16:37:37,8222171,50624,2852276,12548,17668,79,83,2552224,14597,0,0,0
2026-04-29 16:37:38,8264867,42696,2867064,12611,14851,77,83,2566894,14670,0,0,0
2026-04-29 16:37:39,8314563,49696,2884305,12694,17324,72,83,2581509,14615,0,0,0
2026-04-29 16:37:40,8363915,49352,2901439,12781,17221,70,83,2596075,14566,0,0,0
2026-04-29 16:37:41,8411818,47903,2918097,12844,16721,70,83,2610618,14543,0,0,0
2026-04-29 16:37:42,8459367,47549,2934570,12924,16553,82,83,2625115,14497,0,0,0
2026-04-29 16:37:43,8502885,43518,2949660,12981,15147,82,83,2639570,14455,0,0,0
2026-04-29 16:37:45,8550772,47887,2966292,13053,16704,82,83,2668259,28689,0,0,0
2026-04-29 16:37:46,8599566,48794,2983192,13131,16978,77,83,2682558,14299,0,0,0
2026-04-29 16:37:47,8647300,47734,2999788,13204,16669,78,83,2696849,14291,0,0,0
2026-04-29 16:37:48,8696040,48740,3016711,13288,17007,82,83,2711070,14221,0,0,0
2026-04-29 16:37:49,8742578,46538,3032865,13357,16223,82,83,2725275,14205,0,0,0
2026-04-29 16:37:50,8787195,44617,3048353,13423,15554,82,83,2739526,14251,0,0,0
2026-04-29 16:37:51,8833708,46513,3064484,13495,16203,82,83,2753752,14226,0,0,0
2026-04-29 16:37:53,8883664,49956,3081767,13569,17357,76,83,2781869,28117,0,0,0
2026-04-29 16:37:54,8935370,51706,3099721,13644,18029,78,83,2795835,13966,0,0,0
2026-04-29 16:37:55,8984846,49476,3116881,13713,17229,80,83,2809721,13886,0,0,0
2026-04-29 16:37:56,9029077,44231,3132204,13801,15411,80,83,2823559,13838,0,0,0
2026-04-29 16:37:57,9074168,45091,3147921,13867,15783,74,83,2837409,13850,0,0,0
2026-04-29 16:37:58,9115136,40968,3162144,13924,14280,82,83,2851314,13905,0,0,0
2026-04-29 16:37:59,9161637,46501,3178304,13979,16215,82,83,2865147,13833,0,0,0
2026-04-29 16:38:00,9207622,45985,3194218,14049,15984,67,83,2892894,27747,0,0,0
2026-04-29 16:38:02,9252284,44662,3209674,14112,15519,76,83,2906735,13841,0,0,0
2026-04-29 16:38:03,9302508,50224,3227087,14199,17500,73,83,2920563,13828,0,0,0
2026-04-29 16:38:04,9348362,45854,3242984,14262,15960,80,83,2934368,13805,0,0,0
2026-04-29 16:38:05,9397366,49004,3259997,14343,17094,75,83,2948188,13820,0,0,0
2026-04-29 16:38:06,9444498,47132,3276372,14417,16449,82,83,2961976,13788,0,0,0
2026-04-29 16:38:07,9489085,44587,3291794,14509,15514,81,83,2975683,13707,0,0,0
2026-04-29 16:38:08,9535522,46437,3307896,14582,16175,82,83,2989387,13704,0,0,0
2026-04-29 16:38:10,9581950,46428,3323959,14659,16140,77,83,3016709,27322,0,0,0
2026-04-29 16:38:11,9628912,46962,3340307,14717,16406,79,83,3030379,13670,0,0,0
2026-04-29 16:38:12,9676830,47918,3356911,14783,16670,80,83,3044009,13630,0,0,0
2026-04-29 16:38:13,9723410,46580,3373075,14853,16234,72,83,3057564,13555,0,0,0
2026-04-29 16:38:14,9768735,45325,3388804,14923,15799,74,83,3071184,13620,0,0,0
2026-04-29 16:38:15,9817252,48517,3405645,15010,16928,80,83,3084871,13687,0,0,0
2026-04-29 16:38:16,9867569,50317,3423094,15076,17515,72,83,3098552,13681,0,0,0
2026-04-29 16:38:18,9919422,51853,3441096,15152,18078,73,83,3125885,27333,0,0,0
2026-04-29 16:38:19,9972614,53192,3459545,15243,18540,73,83,3139420,13535,0,0,0
2026-04-29 16:38:20,10025958,53344,3478021,15320,18553,78,83,3152919,13499,0,0,0
2026-04-29 16:38:21,10079412,53454,3496573,15408,18640,82,83,3166420,13501,0,0,0
2026-04-29 16:38:22,10131838,52426,3514802,15490,18311,81,83,3179946,13526,0,0,0
2026-04-29 16:38:23,10184266,52428,3532974,15577,18259,69,83,3193168,13222,0,0,0
2026-04-29 16:38:24,10237094,52828,3551293,15671,18413,74,83,3206361,13193,0,0,0
2026-04-29 16:38:26,10289624,52530,3569511,15751,18298,73,83,3232751,26390,0,0,0
2026-04-29 16:38:27,10342560,52936,3587877,15829,18444,78,83,3245919,13168,0,0,0
2026-04-29 16:38:28,10395886,53326,3606382,15909,18585,75,83,3259115,13196,0,0,0
2026-04-29 16:38:29,10450032,54146,3625140,15988,18837,81,83,3272272,13157,0,0,0
2026-04-29 16:38:30,10503933,53901,3643859,16058,18789,82,83,3285496,13224,0,0,0
2026-04-29 16:38:31,10555757,51824,3661848,16145,18076,64,83,3298731,13235,0,0,0
2026-04-29 16:38:32,10607895,52138,3679908,16234,18149,82,83,3311976,13245,0,0,0
2026-04-29 16:38:34,10660569,52674,3698194,16315,18367,82,83,3338388,26412,0,0,0
2026-04-29 16:38:35,10713892,53323,3716681,16406,18578,82,83,3351556,13168,0,0,0
2026-04-29 16:38:36,10767784,53892,3735360,16496,18769,75,83,3364736,13180,0,0,0
2026-04-29 16:38:37,10821658,53874,3753990,16590,18724,82,83,3377978,13242,0,0,0
2026-04-29 16:38:38,10875340,53682,3772636,16674,18730,76,83,3391222,13244,0,0,0
2026-04-29 16:38:39,10926676,51336,3790401,16739,17830,80,83,3404473,13251,0,0,0
2026-04-29 16:38:40,10976786,50110,3807782,16832,17474,82,83,3417759,13286,0,0,0
2026-04-29 16:38:41,11028749,51963,3825787,16906,18079,80,83,3444270,26511,0,0,0
2026-04-29 16:38:43,11082637,53888,3844432,16997,18736,71,83,3457527,13257,0,0,0
2026-04-29 16:38:44,11135001,52364,3862600,17066,18237,80,83,3470749,13222,0,0,0
2026-04-29 16:38:45,11184774,49773,3879898,17144,17376,76,83,3483929,13180,0,0,0
2026-04-29 16:38:46,11236018,51244,3897661,17222,17841,74,83,3497123,13194,0,0,0
2026-04-29 16:38:47,11286181,50163,3915037,17317,17471,82,83,3510286,13163,0,0,0
2026-04-29 16:38:48,11338497,52316,3933215,17391,18252,82,83,3523496,13210,0,0,0
2026-04-29 16:38:49,11389198,50701,3950770,17468,17632,77,83,3550041,26545,0,0,0
2026-04-29 16:38:51,11442156,52958,3969143,17543,18448,78,83,3563368,13327,0,0,0
2026-04-29 16:38:52,11495355,53199,3987604,17621,18539,79,83,3576652,13284,0,0,0
2026-04-29 16:38:53,11548257,52902,4005967,17708,18450,82,83,3589991,13339,0,0,0
2026-04-29 16:38:54,11597525,49268,4023082,17780,17187,78,83,3603276,13285,0,0,0
2026-04-29 16:38:55,11648843,51318,4040939,17838,17915,82,83,3616571,13295,0,0,0
2026-04-29 16:38:56,11693648,44805,4056491,17908,15622,82,83,3629906,13335,0,0,0
2026-04-29 16:38:57,11737957,44309,4071811,17987,15399,78,83,3656608,26702,0,0,0
2026-04-29 16:38:59,11787023,49066,4088837,18056,17095,71,83,3669927,13319,0,0,0
2026-04-29 16:39:00,11839104,52081,4106882,18135,18124,78,83,3683255,13328,0,0,0
2026-04-29 16:39:01,11886684,47580,4123375,18200,16558,79,83,3696603,13348,0,0,0
2026-04-29 16:39:02,11935515,48831,4140320,18278,17023,81,83,3709970,13367,0,0,0
2026-04-29 16:39:03,11984349,48834,4157314,18359,17075,82,83,3723268,13298,0,0,0
2026-04-29 16:39:04,12029624,45275,4173047,18421,15795,80,83,3736456,13188,0,0,0
2026-04-29 16:39:05,12074005,44381,4188463,18492,15487,73,83,3749666,13210,0,0,0
2026-04-29 16:39:06,12120662,46657,4204615,18553,16213,78,83,3776008,26342,0,0,0
2026-04-29 16:39:08,12171888,51226,4222392,18631,17855,78,83,3789206,13198,0,0,0
2026-04-29 16:39:09,12221681,49793,4239642,18705,17324,77,83,3802498,13292,0,0,0
2026-04-29 16:39:10,12266730,45049,4255284,18787,15724,75,83,3815789,13291,0,0,0
2026-04-29 16:39:11,12314575,47845,4271852,18868,16649,78,83,3829084,13295,0,0,0
2026-04-29 16:39:12,12361282,46707,4288098,18941,16319,82,83,3842371,13287,0,0,0
2026-04-29 16:39:13,12404081,42799,4302943,18994,14898,82,83,3855690,13319,0,0,0
2026-04-29 16:39:14,12448424,44343,4318265,19054,15382,81,83,3868974,13284,0,0,0
2026-04-29 16:39:16,12495207,46783,4334501,19121,16303,80,83,3895332,26358,0,0,0
2026-04-29 16:39:17,12544996,49789,4351791,19191,17360,76,83,3908520,13188,0,0,0
2026-04-29 16:39:18,12593313,48317,4368553,19278,16849,80,83,3921699,13179,0,0,0
2026-04-29 16:39:19,12639988,46675,4384764,19357,16290,73,83,3934906,13207,0,0,0
2026-04-29 16:39:20,12689281,49293,4401849,19425,17153,79,83,3948118,13212,0,0,0
2026-04-29 16:39:21,12732410,43129,4416852,19505,15083,82,83,3961309,13191,0,0,0
2026-04-29 16:39:22,12772130,39720,4430585,19550,13778,77,83,3974473,13164,0,0,0
2026-04-29 16:39:23,12814929,42799,4445479,19626,14970,82,83,3987365,12892,0,0,0
2026-04-29 16:39:25,12862727,47798,4462031,19702,16628,73,83,4013127,25762,0,0,0
2026-04-29 16:39:26,12910162,47435,4478477,19765,16509,82,83,4025998,12871,0,0,0
2026-04-29 16:39:27,12958461,48299,4495182,19860,16800,81,83,4038847,12849,0,0,0
2026-04-29 16:39:28,13005469,47008,4511502,19926,16386,78,83,4051755,12908,0,0,0
2026-04-29 16:39:29,13052145,46676,4527660,20007,16239,81,83,4064590,12835,0,0,0
2026-04-29 16:39:30,13094063,41918,4542262,20077,14672,82,83,4077457,12867,0,0,0
2026-04-29 16:39:31,13137316,43253,4557317,20111,15089,82,83,4090315,12858,0,0,0
2026-04-29 16:39:32,13181273,43957,4572507,20178,15257,78,83,4115919,25604,0,0,0
2026-04-29 16:39:34,13229427,48154,4589268,20251,16834,78,83,4128669,12750,0,0,0
2026-04-29 16:39:35,13278119,48692,4606172,20334,16987,80,83,4141405,12736,0,0,0
2026-04-29 16:39:36,13327549,49430,4623313,20403,17210,73,83,4154140,12735,0,0,0
2026-04-29 16:39:37,13377399,49850,4640573,20477,17334,77,83,4166832,12692,0,0,0
2026-04-29 16:39:38,13425528,48129,4657285,20557,16792,82,83,4179556,12724,0,0,0
2026-04-29 16:39:39,13473592,48064,4673977,20624,16759,81,83,4192308,12752,0,0,0
2026-04-29 16:39:40,13523775,50183,4691365,20708,17472,82,83,4217794,25486,0,0,0
2026-04-29 16:39:42,13577140,53365,4709872,20798,18597,74,83,4230589,12795,0,0,0
2026-04-29 16:39:43,13630298,53158,4728354,20859,18543,78,83,4243343,12754,0,0,0
2026-04-29 16:39:44,13682546,52248,4746536,20926,18249,74,83,4256062,12719,0,0,0
2026-04-29 16:39:45,13736002,53456,4765109,21005,18652,82,83,4268748,12686,0,0,0
2026-04-29 16:39:46,13790031,54029,4783783,21086,18755,80,83,4281420,12672,0,0,0
2026-04-29 16:39:47,13842473,52442,4802024,21162,18317,80,83,4294079,12659,0,0,0
2026-04-29 16:39:48,13895731,53258,4820464,21238,18516,80,83,4306717,12638,0,0,0
2026-04-29 16:39:50,13949243,53512,4839050,21316,18664,79,83,4332028,25311,0,0,0
2026-04-29 16:39:51,14002857,53614,4857688,21393,18715,79,83,4344639,12611,0,0,0
2026-04-29 16:39:52,14056247,53390,4876166,21479,18564,79,83,4357231,12592,0,0,0
2026-04-29 16:39:53,14108785,52538,4894427,21569,18351,67,83,4369731,12500,0,0,0
2026-04-29 16:39:54,14163082,54297,4913235,21646,18885,74,83,4382262,12531,0,0,0
2026-04-29 16:39:55,14215731,52649,4931526,21722,18367,82,83,4394808,12546,0,0,0
2026-04-29 16:39:56,14265959,50228,4948913,21801,17466,82,83,4407400,12592,0,0,0
2026-04-29 16:39:57,14316945,50986,4966586,21880,17752,80,83,4432404,25004,0,0,0
2026-04-29 16:39:59,14369658,52713,4984889,21945,18368,82,83,4444913,12509,0,0,0
2026-04-29 16:40:00,14422926,53268,5003375,22010,18551,82,83,4457396,12483,0,0,0
2026-04-29 16:40:01,14476873,53947,5022095,22094,18804,82,83,4469916,12520,0,0,0
2026-04-29 16:40:02,14529605,52732,5040379,22162,18352,81,83,4482439,12523,0,0,0
2026-04-29 16:40:03,14580804,51199,5058139,22241,17839,82,83,4494953,12514,0,0,0
2026-04-29 16:40:04,14631556,50752,5075721,22326,17667,82,83,4507469,12516,0,0,0
2026-04-29 16:40:05,14682815,51259,5093537,22406,17896,80,83,4532437,24968,0,0,0
2026-04-29 16:40:07,14736082,53267,5111992,22485,18534,80,83,4544867,12430,0,0,0
2026-04-29 16:40:08,14789919,53837,5130686,22569,18778,73,83,4557226,12359,0,0,0
2026-04-29 16:40:09,14844146,54227,5149447,22657,18849,81,83,4569614,12388,0,0,0
2026-04-29 16:40:10,14897495,53349,5167978,22742,18616,82,83,4582044,12430,0,0,0
2026-04-29 16:40:11,14947683,50188,5185408,22813,17501,71,83,4594503,12459,0,0,0
2026-04-29 16:40:12,14999909,52226,5203528,22881,18188,82,83,4606959,12456,0,0,0
2026-04-29 16:40:13,15052919,53010,5221925,22947,18463,79,83,4631839,24880,0,0,0
2026-04-29 16:40:15,15107036,54117,5240718,23014,18860,67,83,4644221,12382,0,0,0
2026-04-29 16:40:16,15160934,53898,5259403,23112,18783,80,83,4656617,12396,0,0,0
2026-04-29 16:40:17,15214784,53850,5278101,23195,18781,82,83,4669056,12439,0,0,0
2026-04-29 16:40:18,15267897,53113,5296551,23280,18535,76,83,4681499,12443,0,0,0
2026-04-29 16:40:19,15321554,53657,5315162,23384,18715,78,83,4693950,12451,0,0,0
2026-04-29 16:40:20,15373940,52386,5333335,23477,18266,68,83,4706440,12490,0,0,0
2026-04-29 16:40:21,15426799,52859,5351705,23548,18441,80,83,4731472,25032,0,0,0
2026-04-29 16:40:23,15480710,53911,5370446,23629,18822,81,83,4744013,12541,0,0,0
2026-04-29 16:40:24,15534709,53999,5389203,23703,18831,78,83,4756527,12514,0,0,0
2026-04-29 16:40:25,15586431,51722,5407183,23781,18058,78,83,4768983,12456,0,0,0
2026-04-29 16:40:26,15639643,53212,5425695,23863,18594,73,83,4781420,12437,0,0,0
2026-04-29 16:40:27,15692681,53038,5444137,23943,18522,82,83,4793913,12493,0,0,0
2026-04-29 16:40:28,15746091,53410,5462649,24022,18591,82,83,4806339,12426,0,0,0
2026-04-29 16:40:29,15799525,53434,5481131,24117,18577,78,83,4831213,24874,0,0,0
2026-04-29 16:40:31,15852395,52870,5499480,24204,18436,81,83,4843660,12447,0,0,0
2026-04-29 16:40:32,15906166,53771,5518154,24288,18758,75,83,4856136,12476,0,0,0
2026-04-29 16:40:33,15959556,53390,5536706,24361,18625,79,83,4868550,12414,0,0,0
2026-04-29 16:40:34,16012310,52754,5555016,24454,18403,82,83,4880981,12431,0,0,0
2026-04-29 16:40:35,16065783,53473,5573593,24529,18652,76,83,4893377,12396,0,0,0
2026-04-29 16:40:36,16118563,52780,5591926,24614,18418,82,83,4905768,12391,0,0,0
2026-04-29 16:40:37,16171623,53060,5610296,24710,18466,75,83,4930690,24922,0,0,0
2026-04-29 16:40:39,16223927,52304,5628463,24795,18252,82,83,4943160,12470,0,0,0
2026-04-29 16:40:40,16276543,52616,5646707,24874,18323,75,83,4955610,12450,0,0,0
2026-04-29 16:40:41,16330701,54158,5665448,24964,18831,79,83,4968052,12442,0,0,0
2026-04-29 16:40:42,16384586,53885,5684129,25066,18783,82,83,4980456,12404,0,0,0
2026-04-29 16:40:43,16438478,53892,5702828,25153,18786,77,83,4992844,12388,0,0,0
2026-04-29 16:40:44,16490387,51909,5720866,25232,18117,72,83,5005239,12395,0,0,0
2026-04-29 16:40:45,16543920,53533,5739401,25309,18612,75,83,5029969,24730,0,0,0
2026-04-29 16:40:47,16596661,52741,5757699,25379,18368,79,83,5042368,12399,0,0,0
2026-04-29 16:40:48,16648511,51850,5775689,25468,18079,72,83,5054799,12431,0,0,0
2026-04-29 16:40:49,16701849,53338,5794153,25558,18554,76,83,5067258,12459,0,0,0
2026-04-29 16:40:50,16755639,53790,5812823,25633,18745,78,83,5079749,12491,0,0,0
2026-04-29 16:40:51,16807149,51510,5830688,25712,17944,82,83,5092216,12467,0,0,0
2026-04-29 16:40:52,16856309,49160,5847756,25776,17132,82,83,5104703,12487,0,0,0
2026-04-29 16:40:53,16902448,46139,5863827,25845,16140,82,83,5117177,12474,0,0,0
2026-04-29 16:40:54,16951184,48736,5880668,25936,16932,78,83,5142078,24901,0,0,0
2026-04-29 16:40:56,17001721,50537,5898216,26033,17645,80,83,5154497,12419,0,0,0
2026-04-29 16:40:57,17052448,50727,5915831,26108,17690,81,83,5166951,12454,0,0,0
2026-04-29 16:40:58,17103192,50744,5933413,26189,17663,78,83,5179404,12453,0,0,0
2026-04-29 16:40:59,17155248,52056,5951480,26265,18143,81,83,5191868,12464,0,0,0
2026-04-29 16:41:00,17203901,48653,5968389,26335,16979,79,83,5204330,12462,0,0,0
2026-04-29 16:41:01,17250117,46216,5984458,26413,16147,82,83,5216736,12406,0,0,0
2026-04-29 16:41:02,17297471,47354,6000857,26484,16470,82,83,5241608,24872,0,0,0
2026-04-29 16:41:04,17346763,49292,6017922,26557,17138,79,83,5254032,12424,0,0,0
2026-04-29 16:41:05,17396731,49968,6035312,26630,17463,74,83,5266493,12461,0,0,0
2026-04-29 16:41:06,17446353,49622,6052530,26691,17279,82,83,5278937,12444,0,0,0
2026-04-29 16:41:07,17496305,49952,6069859,26760,17398,76,83,5291373,12436,0,0,0
2026-04-29 16:41:08,17544353,48048,6086525,26843,16749,82,83,5303846,12473,0,0,0
2026-04-29 16:41:09,17589624,45271,6102233,26921,15786,83,83,5316333,12487,0,0,0
2026-04-29 16:41:10,17635837,46213,6118249,26983,16078,81,83,5328809,12476,0,0,0
2026-04-29 16:41:11,17682025,46188,6134266,27066,16100,79,83,5353745,24936,0,0,0
2026-04-29 16:41:13,17731807,49782,6151522,27139,17329,79,83,5366166,12421,0,0,0
2026-04-29 16:41:14,17780957,49150,6168554,27219,17112,79,83,5378595,12429,0,0,0
2026-04-29 16:41:15,17826381,45424,6184291,27287,15805,76,83,5391008,12413,0,0,0
2026-04-29 16:41:16,17879101,52720,6202590,27372,18384,82,83,5403416,12408,0,0,0
2026-04-29 16:41:17,17927973,48872,6219541,27455,17034,82,83,5415841,12425,0,0,0
2026-04-29 16:41:18,17978255,50282,6236988,27526,17518,82,83,5428272,12431,0,0,0
2026-04-29 16:41:19,18030769,52514,6255184,27612,18282,70,83,5453258,24986,0,0,0
2026-04-29 16:41:21,18084323,53554,6273781,27689,18674,80,83,5465709,12451,0,0,0
2026-04-29 16:41:22,18137918,53595,6292398,27767,18695,75,83,5478135,12426,0,0,0
2026-04-29 16:41:23,18191438,53520,6310956,27847,18638,76,83,5490380,12245,0,0,0
2026-04-29 16:41:24,18244637,53199,6329374,27928,18499,81,83,5502600,12220,0,0,0
2026-04-29 16:41:25,18298284,53647,6347976,28013,18687,82,83,5514928,12328,0,0,0
2026-04-29 16:41:26,18351361,53077,6366363,28093,18467,81,83,5527279,12351,0,0,0
2026-04-29 16:41:27,18404408,53047,6384776,28168,18488,77,83,5551949,24670,0,0,0
2026-04-29 16:41:29,18459039,54631,6403677,28256,18989,79,83,5564247,12298,0,0,0
2026-04-29 16:41:30,18512400,53361,6422196,28338,18601,82,83,5576549,12302,0,0,0
2026-04-29 16:41:31,18566231,53831,6440881,28427,18774,73,83,5588861,12312,0,0,0
2026-04-29 16:41:32,18619650,53419,6459436,28521,18649,78,83,5601131,12270,0,0,0
2026-04-29 16:41:33,18672477,52827,6477785,28606,18434,82,83,5613435,12304,0,0,0
2026-04-29 16:41:34,18725413,52936,6496143,28689,18441,82,83,5625737,12302,0,0,0
2026-04-29 16:41:35,18777920,52507,6514359,28775,18302,81,83,5650340,24603,0,0,0
2026-04-29 16:41:37,18831929,54009,6533115,28852,18833,79,83,5662623,12283,0,0,0
2026-04-29 16:41:38,18884960,53031,6551512,28926,18471,78,83,5674895,12272,0,0,0
2026-04-29 16:41:39,18938640,53680,6570117,29014,18693,76,83,5687171,12276,0,0,0
2026-04-29 16:41:40,18991968,53328,6588647,29089,18605,82,83,5699466,12295,0,0,0
2026-04-29 16:41:41,19044813,52845,6607000,29159,18423,77,83,5711757,12291,0,0,0
2026-04-29 16:41:42,19096768,51955,6625061,29231,18133,82,83,5724008,12251,0,0,0
2026-04-29 16:41:43,19149653,52885,6643418,29322,18448,79,83,5748560,24552,0,0,0
2026-04-29 16:41:45,19202893,53240,6661892,29405,18557,78,83,5760758,12198,0,0,0
2026-04-29 16:41:46,19256447,53554,6680485,29467,18655,82,83,5773004,12246,0,0,0
2026-04-29 16:41:47,19309735,53288,6699003,29538,18589,78,83,5785200,12196,0,0,0
2026-04-29 16:41:48,19363840,54105,6717789,29624,18872,78,83,5797394,12194,0,0,0
2026-04-29 16:41:49,19416325,52485,6736042,29698,18327,79,83,5809649,12255,0,0,0
2026-04-29 16:41:50,19470241,53916,6754709,29779,18748,78,83,5821882,12233,0,0,0
2026-04-29 16:41:51,19523365,53124,6773126,29858,18496,82,83,5846279,24397,0,0,0
2026-04-29 16:41:53,19576860,53495,6791683,29940,18639,79,83,5858532,12253,0,0,0
2026-04-29 16:41:54,19631007,54147,6810427,30045,18849,82,83,5870760,12228,0,0,0
2026-04-29 16:41:55,19684537,53530,6829021,30140,18689,81,83,5883014,12254,0,0,0
2026-04-29 16:41:56,19738878,54341,6847847,30224,18910,78,83,5895286,12272,0,0,0
2026-04-29 16:41:57,19791779,52901,6866189,30296,18414,80,83,5907547,12261,0,0,0
2026-04-29 16:41:58,19843245,51466,6884080,30379,17974,82,83,5919782,12235,0,0,0
2026-04-29 16:41:59,19892868,49623,6901269,30456,17266,67,83,5944176,24394,0,0,0
2026-04-29 16:42:01,19946832,53964,6920030,30534,18839,77,83,5956335,12159,0,0,0
2026-04-29 16:42:02,20000905,54073,6938743,30624,18803,75,83,5968499,12164,0,0,0
2026-04-29 16:42:03,20054663,53758,6957412,30701,18746,70,83,5980671,12172,0,0,0
2026-04-29 16:42:04,20108773,54110,6976145,30777,18809,81,83,5992862,12191,0,0,0
2026-04-29 16:42:05,20162524,53751,6994757,30854,18689,77,83,6005069,12207,0,0,0
2026-04-29 16:42:06,20212832,50308,7012222,30932,17543,73,83,6017272,12203,0,0,0
2026-04-29 16:42:07,20264547,51715,7030125,31021,17992,79,83,6041737,24465,0,0,0
2026-04-29 16:42:09,20318190,53643,7048753,31103,18710,79,83,6053899,12162,0,0,0
2026-04-29 16:42:10,20372065,53875,7067408,31205,18757,80,83,6066103,12204,0,0,0
2026-04-29 16:42:11,20424092,52027,7085474,31284,18145,78,83,6078295,12192,0,0,0
2026-04-29 16:42:12,20476626,52534,7103671,31370,18283,82,83,6090469,12174,0,0,0
2026-04-29 16:42:13,20528819,52193,7121768,31453,18180,80,83,6102666,12197,0,0,0
2026-04-29 16:42:14,20580256,51437,7139625,31523,17927,81,83,6114818,12152,0,0,0
2026-04-29 16:42:15,20631281,51025,7157313,31626,17791,77,83,6139141,24323,0,0,0
2026-04-29 16:42:17,20683391,52110,7175382,31709,18152,67,83,6151310,12169,0,0,0
2026-04-29 16:42:18,20736107,52716,7193686,31795,18390,76,83,6163432,12122,0,0,0
2026-04-29 16:42:19,20789618,53511,7212215,31893,18627,75,83,6175559,12127,0,0,0
2026-04-29 16:42:20,20842254,52636,7230459,31993,18344,81,83,6187662,12103,0,0,0
2026-04-29 16:42:21,20893383,51129,7248211,32067,17826,81,83,6199752,12090,0,0,0
2026-04-29 16:42:22,20943005,49622,7265423,32148,17293,81,83,6211817,12065,0,0,0
2026-04-29 16:42:23,20994928,51923,7283430,32220,18079,76,83,6223876,12059,0,0,0
2026-04-29 16:42:25,21044452,49524,7300631,32310,17291,81,83,6248023,24147,0,0,0
2026-04-29 16:42:26,21095125,50673,7318187,32384,17630,82,83,6260097,12074,0,0,0
2026-04-29 16:42:27,21142725,47600,7334662,32463,16554,82,83,6272162,12065,0,0,0
2026-04-29 16:42:28,21194469,51744,7352617,32539,18031,76,83,6284216,12054,0,0,0
2026-04-29 16:42:29,21243775,49306,7369717,32603,17164,80,83,6296327,12111,0,0,0
2026-04-29 16:42:30,21287585,43810,7384915,32675,15270,82,83,6308417,12090,0,0,0
2026-04-29 16:42:31,21332477,44892,7400521,32754,15685,82,83,6320564,12147,0,0,0
2026-04-29 16:42:32,21378344,45867,7416390,32837,15952,77,83,6344688,24124,0,0,0
2026-04-29 16:42:34,21428187,49843,7433706,32902,17381,72,83,6356805,12117,0,0,0
2026-04-29 16:42:35,21478774,50587,7451244,32968,17604,82,83,6368916,12111,0,0,0
2026-04-29 16:42:36,21528633,49859,7468574,33035,17397,80,83,6381075,12159,0,0,0
2026-04-29 16:42:37,21577984,49351,7485661,33109,17161,76,83,6393244,12169,0,0,0
2026-04-29 16:42:38,21626960,48976,7502694,33198,17122,82,83,6405356,12112,0,0,0
2026-04-29 16:42:39,21671244,44284,7518078,33255,15441,82,83,6417406,12050,0,0,0
2026-04-29 16:42:40,21717074,45830,7533975,33318,15960,78,83,6429467,12061,0,0,0
2026-04-29 16:42:42,21766123,49049,7550967,33388,17062,78,83,6453589,24122,0,0,0
2026-04-29 16:42:43,21815274,49151,7567981,33460,17086,80,83,6465686,12097,0,0,0
2026-04-29 16:42:44,21862856,47582,7584468,33532,16559,77,83,6477800,12114,0,0,0
2026-04-29 16:42:45,21911178,48322,7601249,33607,16856,70,83,6489932,12132,0,0,0
2026-04-29 16:42:46,21960740,49562,7618413,33674,17231,79,83,6502023,12091,0,0,0
2026-04-29 16:42:47,22004525,43785,7633650,33742,15305,82,83,6514087,12064,0,0,0
2026-04-29 16:42:48,22046044,41519,7648058,33804,14470,82,83,6526179,12092,0,0,0
2026-04-29 16:42:49,22089571,43527,7663097,33883,15118,75,83,6550465,24286,0,0,0
2026-04-29 16:42:51,22137875,48304,7679839,33951,16810,71,83,6562651,12186,0,0,0
2026-04-29 16:42:52,22181611,43736,7694979,34020,15209,80,83,6574800,12149,0,0,0
2026-04-29 16:42:53,22230589,48978,7711967,34100,17068,79,83,6586684,11884,0,0,0
2026-04-29 16:42:54,22280417,49828,7729258,34176,17367,78,83,6598549,11865,0,0,0
2026-04-29 16:42:55,22329538,49121,7746365,34243,17174,82,83,6610443,11894,0,0,0
2026-04-29 16:42:56,22373993,44455,7761818,34307,15517,82,83,6622341,11898,0,0,0
2026-04-29 16:42:57,22417534,43541,7776906,34365,15146,82,83,6634251,11910,0,0,0
2026-04-29 16:42:59,22462976,45442,7792590,34436,15755,77,83,6658123,23872,0,0,0
2026-04-29 16:43:00,22511592,48616,7809437,34519,16930,75,83,6670090,11967,0,0,0
2026-04-29 16:43:01,22557203,45611,7825284,34584,15912,79,83,6682068,11978,0,0,0
2026-04-29 16:43:02,22605763,48560,7842141,34666,16939,78,83,6694033,11965,0,0,0
2026-04-29 16:43:03,22652687,46924,7858449,34736,16378,73,83,6705976,11943,0,0,0
2026-04-29 16:43:04,22702978,50291,7875917,34812,17544,82,83,6717890,11914,0,0,0
2026-04-29 16:43:05,22755485,52507,7894086,34891,18248,81,83,6729810,11920,0,0,0
2026-04-29 16:43:06,22806917,51432,7911938,34957,17918,74,83,6753748,23938,0,0,0
2026-04-29 16:43:08,22860265,53348,7930435,35044,18584,77,83,6765732,11984,0,0,0
2026-04-29 16:43:09,22913932,53667,7949079,35127,18727,74,83,6777708,11976,0,0,0
2026-04-29 16:43:10,22967740,53808,7967713,35198,18705,73,83,6789656,11948,0,0,0
2026-04-29 16:43:11,23020250,52510,7985915,35279,18283,80,83,6801627,11971,0,0,0
2026-04-29 16:43:12,23073580,53330,8004427,35351,18584,82,83,6813561,11934,0,0,0
2026-04-29 16:43:13,23125992,52412,8022628,35439,18289,78,83,6825485,11924,0,0,0
2026-04-29 16:43:14,23178295,52303,8040742,35513,18188,79,83,6849288,23803,0,0,0
2026-04-29 16:43:16,23231894,53599,8059328,35593,18666,74,83,6861269,11981,0,0,0
2026-04-29 16:43:17,23285849,53955,8078068,35676,18823,75,83,6873255,11986,0,0,0
2026-04-29 16:43:18,23339585,53736,8096733,35761,18750,81,83,6885237,11982,0,0,0
2026-04-29 16:43:19,23393346,53761,8115423,35835,18764,77,83,6897208,11971,0,0,0
2026-04-29 16:43:20,23445968,52622,8133683,35913,18338,71,83,6909137,11929,0,0,0
2026-04-29 16:43:21,23498298,52330,8151839,36000,18243,82,83,6921091,11954,0,0,0
2026-04-29 16:43:22,23551452,53154,8170257,36073,18491,78,83,6944995,23904,0,0,0
2026-04-29 16:43:24,23604878,53426,8188819,36137,18626,79,83,6956887,11892,0,0,0
2026-04-29 16:43:25,23658646,53768,8207479,36211,18734,73,83,6968786,11899,0,0,0
2026-04-29 16:43:26,23712632,53986,8226205,36299,18814,77,83,6980681,11895,0,0,0
2026-04-29 16:43:27,23766561,53929,8244922,36379,18797,77,83,6992581,11900,0,0,0
2026-04-29 16:43:28,23819328,52767,8263269,36458,18426,72,83,7004518,11937,0,0,0
2026-04-29 16:43:29,23870453,51125,8281006,36543,17822,74,83,7016456,11938,0,0,0
2026-04-29 16:43:30,23921582,51129,8298743,36627,17821,78,83,7040274,23818,0,0,0
2026-04-29 16:43:32,23974054,52472,8316955,36704,18289,74,83,7052183,11909,0,0,0
2026-04-29 16:43:33,24027570,53516,8335466,36792,18599,79,83,7063996,11813,0,0,0
2026-04-29 16:43:34,24079853,52283,8353644,36867,18253,82,83,7075837,11841,0,0,0
2026-04-29 16:43:35,24131847,51994,8371680,36960,18129,82,83,7087716,11879,0,0,0
2026-04-29 16:43:36,24182902,51055,8389433,37046,17839,60,83,7099628,11912,0,0,0
2026-04-29 16:43:37,24231553,48651,8406307,37121,16949,82,83,7111483,11855,0,0,0
2026-04-29 16:43:38,24283467,51914,8424360,37190,18122,73,83,7135164,23681,0,0,0
2026-04-29 16:43:40,24337496,54029,8443062,37270,18782,82,83,7147018,11854,0,0,0
2026-04-29 16:43:41,24391319,53823,8461751,37353,18772,80,83,7158901,11883,0,0,0
2026-04-29 16:43:42,24444456,53137,8480174,37457,18527,78,83,7170745,11844,0,0,0
2026-04-29 16:43:43,24497915,53459,8498754,37543,18666,72,83,7182597,11852,0,0,0
2026-04-29 16:43:44,24550075,52160,8516857,37619,18179,77,83,7194387,11790,0,0,0
2026-04-29 16:43:45,24600856,50781,8534449,37721,17694,77,83,7206200,11813,0,0,0
2026-04-29 16:43:46,24653991,53135,8552865,37799,18494,82,83,7229820,23620,0,0,0
2026-04-29 16:43:48,24707896,53905,8571583,37884,18803,77,83,7241599,11779,0,0,0
2026-04-29 16:43:49,24761750,53854,8590297,37970,18800,72,83,7253439,11840,0,0,0
2026-04-29 16:43:50,24815675,53925,8609007,38052,18792,79,83,7265243,11804,0,0,0
2026-04-29 16:43:51,24870013,54338,8627808,38159,18908,81,83,7277065,11822,0,0,0
2026-04-29 16:43:52,24923124,53111,8646249,38235,18517,79,83,7288871,11806,0,0,0
2026-04-29 16:43:53,24975378,52254,8664435,38319,18270,82,83,7300751,11880,0,0,0
2026-04-29 16:43:54,25028875,53497,8682959,38409,18614,78,83,7324494,23743,0,0,0
2026-04-29 16:43:56,25082846,53971,8701707,38508,18847,78,83,7336355,11861,0,0,0
2026-04-29 16:43:57,25137475,54629,8720658,38573,19016,73,83,7348207,11852,0,0,0
2026-04-29 16:43:58,25190995,53520,8739238,38660,18667,80,83,7360011,11804,0,0,0
2026-04-29 16:43:59,25244508,53513,8757800,38747,18649,82,83,7371822,11811,0,0,0
2026-04-29 16:44:00,25296707,52199,8775896,38831,18180,82,83,7383625,11803,0,0,0
2026-04-29 16:44:01,25349875,53168,8794385,38915,18573,82,83,7395446,11821,0,0,0
2026-04-29 16:44:02,25403097,53222,8812775,38991,18466,82,83,7419061,23615,0,0,0
2026-04-29 16:44:04,25457019,53922,8831516,39065,18815,79,83,7430829,11768,0,0,0
2026-04-29 16:44:05,25496825,39806,8845341,39129,13889,30,35,7442604,11775,0,0,0
2026-04-29 16:44:06,25525033,28208,8855110,39177,9817,19,19,7454398,11794,0,0,0
2026-04-29 16:44:07,25532478,7445,8857699,39191,2603,2,2,7466220,11822,0,0,0
2026-04-29 16:44:08,25532483,5,8857699,39191,0,2,2,7477973,11753,0,0,0
