elapsed_sec,sum_next_o_id,orders_delta,nopm_rate
0,30010000,0,0
1,30010001,1,60.0
2,30010093,92,5520.0
3,30010349,256,15360.0
4,30010747,398,23880.0
5,30011294,547,32820.0
6,30011976,682,40920.0
7,30012792,816,48960.0
8,30013735,943,56580.0
9,30014829,1094,65640.0
10,30016056,1227,73620.0
11,30017328,1272,76320.0
12,30018779,1451,87060.0
13,30020262,1483,88980.0
14,30021920,1658,99480.0
15,30023682,1762,105720.0
16,30025482,1800,108000.0
17,30027467,1985,119100.0
18,30029467,2000,120000.0
19,30031718,2251,135060.0
20,30034044,2326,139560.0
21,30036467,2423,145380.0
22,30038960,2493,149580.0
23,30041575,2615,156900.0
24,30044273,2698,161880.0
25,30047039,2766,165960.0
27,30049893,2854,85620.0
28,30052811,2918,175080.0
29,30055809,2998,179880.0
30,30058906,3097,185820.0
31,30062082,3176,190560.0
32,30065330,3248,194880.0
33,30068679,3349,200940.0
34,30072073,3394,203640.0
35,30075510,3437,206220.0
36,30079010,3500,210000.0
37,30082440,3430,205800.0
38,30085913,3473,208380.0
39,30089436,3523,211380.0
40,30092998,3562,213720.0
41,30096484,3486,209160.0
42,30100078,3594,215640.0
43,30103823,3745,224700.0
44,30107614,3791,227460.0
45,30111349,3735,224100.0
46,30115175,3826,229560.0
47,30118976,3801,228060.0
48,30122818,3842,230520.0
49,30126842,4024,241440.0
50,30130891,4049,242940.0
51,30134936,4045,242700.0
52,30139012,4076,244560.0
53,30143078,4066,243960.0
54,30147198,4120,247200.0
55,30151317,4119,247140.0
56,30155489,4172,250320.0
58,30159599,4110,123300.0
59,30163742,4143,248580.0
60,30167907,4165,249900.0
61,30172151,4244,254640.0
62,30176427,4276,256560.0
63,30180708,4281,256860.0
64,30184956,4248,254880.0
65,30188985,4029,241740.0
66,30192965,3980,238800.0
67,30196977,4012,240720.0
68,30201083,4106,246360.0
69,30205198,4115,246900.0
70,30209260,4062,243720.0
71,30213391,4131,247860.0
72,30217515,4124,247440.0
73,30221626,4111,246660.0
74,30225841,4215,252900.0
75,30230056,4215,252900.0
76,30234291,4235,254100.0
77,30238526,4235,254100.0
78,30242703,4177,250620.0
79,30246977,4274,256440.0
80,30251249,4272,256320.0
81,30255546,4297,257820.0
82,30259804,4258,255480.0
83,30264069,4265,255900.0
85,30268379,4310,129300.0
86,30272688,4309,258540.0
87,30277004,4316,258960.0
88,30281311,4307,258420.0
89,30285591,4280,256800.0
90,30289945,4354,261240.0
91,30294279,4334,260040.0
92,30298640,4361,261660.0
93,30303086,4446,266760.0
94,30307477,4391,263460.0
95,30311900,4423,265380.0
96,30316237,4337,260220.0
97,30320614,4377,262620.0
98,30325021,4407,264420.0
99,30329385,4364,261840.0
100,30333772,4387,263220.0
101,30338160,4388,263280.0
102,30342680,4520,271200.0
103,30347068,4388,263280.0
104,30351466,4398,263880.0
105,30355919,4453,267180.0
106,30360302,4383,262980.0
107,30364719,4417,265020.0
108,30369148,4429,265740.0
109,30373581,4433,265980.0
110,30377905,4324,259440.0
112,30382318,4413,132390.0
113,30386734,4416,264960.0
114,30391096,4362,261720.0
115,30395518,4422,265320.0
116,30399868,4350,261000.0
117,30404263,4395,263700.0
118,30408585,4322,259320.0
119,30412985,4400,264000.0
120,30417369,4384,263040.0
121,30421763,4394,263640.0
122,30426174,4411,264660.0
123,30430561,4387,263220.0
124,30435007,4446,266760.0
125,30439467,4460,267600.0
126,30443862,4395,263700.0
127,30448223,4361,261660.0
128,30452606,4383,262980.0
129,30457085,4479,268740.0
130,30461504,4419,265140.0
131,30465946,4442,266520.0
132,30470405,4459,267540.0
133,30474829,4424,265440.0
134,30479241,4412,264720.0
135,30483725,4484,269040.0
136,30488080,4355,261300.0
137,30492535,4455,267300.0
138,30497020,4485,269100.0
140,30501473,4453,133590.0
141,30506040,4567,274020.0
142,30510471,4431,265860.0
143,30514887,4416,264960.0
144,30519321,4434,266040.0
145,30523713,4392,263520.0
146,30528207,4494,269640.0
147,30532632,4425,265500.0
148,30537098,4466,267960.0
149,30541524,4426,265560.0
150,30545956,4432,265920.0
151,30550458,4502,270120.0
152,30554830,4372,262320.0
153,30559323,4493,269580.0
154,30563775,4452,267120.0
155,30568205,4430,265800.0
156,30572605,4400,264000.0
157,30577055,4450,267000.0
158,30581511,4456,267360.0
159,30585879,4368,262080.0
160,30590312,4433,265980.0
161,30594743,4431,265860.0
162,30599193,4450,267000.0
163,30603619,4426,265560.0
164,30608105,4486,269160.0
165,30612615,4510,270600.0
167,30617023,4408,132240.0
168,30621471,4448,266880.0
169,30625952,4481,268860.0
170,30630424,4472,268320.0
171,30634858,4434,266040.0
172,30639292,4434,266040.0
173,30643724,4432,265920.0
174,30648161,4437,266220.0
175,30652550,4389,263340.0
176,30656880,4330,259800.0
177,30661238,4358,261480.0
178,30665665,4427,265620.0
179,30670152,4487,269220.0
180,30674621,4469,268140.0
181,30679109,4488,269280.0
182,30683529,4420,265200.0
183,30687992,4463,267780.0
184,30692513,4521,271260.0
185,30697048,4535,272100.0
186,30701507,4459,267540.0
187,30705917,4410,264600.0
188,30710420,4503,270180.0
189,30714891,4471,268260.0
190,30719349,4458,267480.0
191,30723859,4510,270600.0
193,30728287,4428,132840.0
194,30732775,4488,269280.0
195,30737195,4420,265200.0
196,30741708,4513,270780.0
197,30746225,4517,271020.0
198,30750712,4487,269220.0
199,30755061,4349,260940.0
200,30759550,4489,269340.0
201,30763953,4403,264180.0
202,30768389,4436,266160.0
203,30772806,4417,265020.0
204,30777249,4443,266580.0
205,30781588,4339,260340.0
206,30786040,4452,267120.0
207,30790464,4424,265440.0
208,30794906,4442,266520.0
209,30799312,4406,264360.0
210,30803757,4445,266700.0
211,30808163,4406,264360.0
212,30812670,4507,270420.0
213,30816976,4306,258360.0
214,30821400,4424,265440.0
215,30825840,4440,266400.0
216,30830221,4381,262860.0
217,30834661,4440,266400.0
218,30839031,4370,262200.0
220,30843539,4508,135240.0
221,30847988,4449,266940.0
222,30852416,4428,265680.0
223,30856835,4419,265140.0
224,30861218,4383,262980.0
225,30865672,4454,267240.0
226,30870141,4469,268140.0
227,30874559,4418,265080.0
228,30878941,4382,262920.0
229,30883371,4430,265800.0
230,30887831,4460,267600.0
231,30892287,4456,267360.0
232,30896727,4440,266400.0
233,30901117,4390,263400.0
234,30905518,4401,264060.0
235,30909993,4475,268500.0
236,30914492,4499,269940.0
237,30918697,4205,252300.0
238,30922854,4157,249420.0
239,30926935,4081,244860.0
240,30931031,4096,245760.0
241,30935319,4288,257280.0
243,30939584,4265,127950.0
244,30943894,4310,258600.0
245,30948249,4355,261300.0
246,30952514,4265,255900.0
247,30956831,4317,259020.0
248,30961192,4361,261660.0
249,30965608,4416,264960.0
250,30970096,4488,269280.0
251,30974562,4466,267960.0
252,30978899,4337,260220.0
253,30983254,4355,261300.0
255,30987595,4341,130230.0
256,30991899,4304,258240.0
257,30996290,4391,263460.0
258,31000702,4412,264720.0
259,31005103,4401,264060.0
260,31009453,4350,261000.0
261,31013808,4355,261300.0
262,31018185,4377,262620.0
263,31022652,4467,268020.0
264,31026667,4015,240900.0
265,31031004,4337,260220.0
266,31035447,4443,266580.0
268,31039817,4370,131100.0
269,31044272,4455,267300.0
270,31048748,4476,268560.0
271,31053223,4475,268500.0
272,31057738,4515,270900.0
273,31062131,4393,263580.0
274,31066612,4481,268860.0
275,31071057,4445,266700.0
276,31075495,4438,266280.0
277,31079920,4425,265500.0
278,31084395,4475,268500.0
280,31088810,4415,132450.0
281,31093200,4390,263400.0
282,31097587,4387,263220.0
283,31102086,4499,269940.0
284,31106572,4486,269160.0
285,31110985,4413,264780.0
286,31115217,4232,253920.0
287,31119533,4316,258960.0
288,31124058,4525,271500.0
289,31128673,4615,276900.0
290,31133110,4437,266220.0
291,31137666,4556,273360.0
293,31142118,4452,133560.0
294,31146662,4544,272640.0
295,31151177,4515,270900.0
296,31155640,4463,267780.0
297,31160082,4442,266520.0
298,31164600,4518,271080.0
299,31169142,4542,272520.0
300,31173564,4422,265320.0
301,31178091,4527,271620.0
302,31182707,4616,276960.0
303,31187168,4461,267660.0
304,31191722,4554,273240.0
306,31196307,4585,137550.0
307,31200839,4532,271920.0
308,31205271,4432,265920.0
309,31209855,4584,275040.0
310,31214369,4514,270840.0
311,31218881,4512,270720.0
312,31223418,4537,272220.0
313,31227975,4557,273420.0
314,31232483,4508,270480.0
315,31236995,4512,270720.0
316,31241473,4478,268680.0
317,31245914,4441,266460.0
319,31250432,4518,135540.0
320,31255012,4580,274800.0
321,31259549,4537,272220.0
322,31263974,4425,265500.0
323,31268557,4583,274980.0
324,31273078,4521,271260.0
325,31277557,4479,268740.0
326,31282034,4477,268620.0
327,31286478,4444,266640.0
328,31290983,4505,270300.0
329,31295496,4513,270780.0
331,31299980,4484,134520.0
332,31304538,4558,273480.0
333,31308947,4409,264540.0
334,31313416,4469,268140.0
335,31317800,4384,263040.0
336,31322295,4495,269700.0
337,31326631,4336,260160.0
338,31331099,4468,268080.0
339,31335654,4555,273300.0
340,31340093,4439,266340.0
341,31344578,4485,269100.0
342,31349133,4555,273300.0
344,31353607,4474,134220.0
345,31358046,4439,266340.0
346,31362495,4449,266940.0
347,31366870,4375,262500.0
348,31371407,4537,272220.0
349,31375917,4510,270600.0
350,31380358,4441,266460.0
351,31384870,4512,270720.0
352,31389393,4523,271380.0
353,31393865,4472,268320.0
354,31398329,4464,267840.0
355,31402889,4560,273600.0
357,31407336,4447,133410.0
358,31411778,4442,266520.0
359,31416226,4448,266880.0
360,31420725,4499,269940.0
361,31425224,4499,269940.0
362,31429711,4487,269220.0
363,31434151,4440,266400.0
364,31438700,4549,272940.0
365,31443204,4504,270240.0
366,31447772,4568,274080.0
367,31452307,4535,272100.0
368,31456776,4469,268140.0
370,31461275,4499,134970.0
371,31465751,4476,268560.0
372,31470143,4392,263520.0
373,31474654,4511,270660.0
374,31479105,4451,267060.0
375,31483669,4564,273840.0
376,31488047,4378,262680.0
377,31492500,4453,267180.0
378,31496998,4498,269880.0
379,31501523,4525,271500.0
380,31505967,4444,266640.0
382,31510529,4562,136860.0
383,31514998,4469,268140.0
384,31519560,4562,273720.0
385,31524056,4496,269760.0
386,31528485,4429,265740.0
387,31532960,4475,268500.0
388,31537463,4503,270180.0
389,31541984,4521,271260.0
390,31546394,4410,264600.0
391,31550795,4401,264060.0
392,31555217,4422,265320.0
394,31559743,4526,135780.0
395,31564273,4530,271800.0
396,31568789,4516,270960.0
397,31573271,4482,268920.0
398,31577756,4485,269100.0
399,31582155,4399,263940.0
400,31586583,4428,265680.0
401,31591121,4538,272280.0
402,31595515,4394,263640.0
403,31599985,4470,268200.0
404,31604526,4541,272460.0
405,31609066,4540,272400.0
407,31613530,4464,133920.0
408,31618084,4554,273240.0
409,31622574,4490,269400.0
410,31627038,4464,267840.0
411,31631507,4469,268140.0
412,31636026,4519,271140.0
413,31640373,4347,260820.0
414,31644959,4586,275160.0
415,31649501,4542,272520.0
416,31653941,4440,266400.0
417,31658436,4495,269700.0
418,31662889,4453,267180.0
420,31667386,4497,134910.0
421,31671898,4512,270720.0
422,31676367,4469,268140.0
423,31680923,4556,273360.0
424,31685393,4470,268200.0
425,31689952,4559,273540.0
426,31694455,4503,270180.0
427,31698916,4461,267660.0
428,31703416,4500,270000.0
429,31707906,4490,269400.0
430,31712418,4512,270720.0
432,31716898,4480,134400.0
433,31721412,4514,270840.0
434,31725958,4546,272760.0
435,31730430,4472,268320.0
436,31734925,4495,269700.0
437,31739403,4478,268680.0
438,31743958,4555,273300.0
439,31748399,4441,266460.0
440,31752968,4569,274140.0
441,31757447,4479,268740.0
442,31761871,4424,265440.0
443,31766392,4521,271260.0
445,31770884,4492,134760.0
446,31775435,4551,273060.0
447,31779859,4424,265440.0
448,31784356,4497,269820.0
449,31788813,4457,267420.0
450,31793405,4592,275520.0
451,31797885,4480,268800.0
452,31802215,4330,259800.0
453,31806378,4163,249780.0
454,31810570,4192,251520.0
456,31814789,4219,126570.0
457,31819100,4311,258660.0
458,31823507,4407,264420.0
459,31827956,4449,266940.0
460,31832493,4537,272220.0
461,31836937,4444,266640.0
462,31841496,4559,273540.0
464,31846018,4522,135660.0
465,31850491,4473,268380.0
466,31854984,4493,269580.0
467,31859434,4450,267000.0
468,31863921,4487,269220.0
469,31868388,4467,268020.0
470,31872931,4543,272580.0
472,31877484,4553,136590.0
473,31882022,4538,272280.0
474,31886561,4539,272340.0
475,31891071,4510,270600.0
476,31895591,4520,271200.0
477,31900060,4469,268140.0
478,31904647,4587,275220.0
479,31909216,4569,274140.0
481,31913412,4196,125880.0
482,31917782,4370,262200.0
483,31922206,4424,265440.0
484,31926759,4553,273180.0
485,31931302,4543,272580.0
486,31935755,4453,267180.0
487,31940359,4604,276240.0
489,31944887,4528,135840.0
490,31949429,4542,272520.0
491,31953955,4526,271560.0
492,31958534,4579,274740.0
493,31963038,4504,270240.0
494,31967683,4645,278700.0
495,31972250,4567,274020.0
497,31976726,4476,134280.0
498,31981222,4496,269760.0
499,31985662,4440,266400.0
500,31990315,4653,279180.0
501,31994852,4537,272220.0
502,31999171,4319,259140.0
503,32003534,4363,261780.0
505,32007909,4375,131250.0
506,32012409,4500,270000.0
507,32016978,4569,274140.0
508,32021366,4388,263280.0
509,32025868,4502,270120.0
510,32030326,4458,267480.0
511,32034846,4520,271200.0
512,32039438,4592,275520.0
514,32043991,4553,136590.0
515,32048515,4524,271440.0
516,32052999,4484,269040.0
517,32057486,4487,269220.0
518,32062000,4514,270840.0
519,32066496,4496,269760.0
520,32070984,4488,269280.0
522,32075494,4510,135300.0
523,32080023,4529,271740.0
524,32084596,4573,274380.0
525,32089066,4470,268200.0
526,32093521,4455,267300.0
527,32098063,4542,272520.0
528,32102525,4462,267720.0
530,32107030,4505,135150.0
531,32111530,4500,270000.0
532,32116052,4522,271320.0
533,32120564,4512,270720.0
534,32125117,4553,273180.0
535,32129601,4484,269040.0
536,32134188,4587,275220.0
537,32138673,4485,269100.0
539,32143248,4575,137250.0
540,32147855,4607,276420.0
541,32152344,4489,269340.0
542,32156940,4596,275760.0
543,32161446,4506,270360.0
544,32165925,4479,268740.0
545,32170439,4514,270840.0
547,32175021,4582,137460.0
548,32179541,4520,271200.0
549,32184014,4473,268380.0
550,32188655,4641,278460.0
551,32193005,4350,261000.0
552,32197480,4475,268500.0
553,32201917,4437,266220.0
555,32206305,4388,131640.0
556,32210820,4515,270900.0
557,32215313,4493,269580.0
558,32219769,4456,267360.0
559,32224187,4418,265080.0
560,32228750,4563,273780.0
561,32233218,4468,268080.0
562,32237661,4443,266580.0
564,32242146,4485,134550.0
565,32246591,4445,266700.0
566,32251108,4517,271020.0
567,32255673,4565,273900.0
568,32260144,4471,268260.0
569,32264524,4380,262800.0
570,32268985,4461,267660.0
572,32273509,4524,135720.0
573,32278036,4527,271620.0
574,32282565,4529,271740.0
575,32287160,4595,275700.0
576,32291728,4568,274080.0
577,32296107,4379,262740.0
578,32300656,4549,272940.0
580,32305168,4512,135360.0
581,32309646,4478,268680.0
582,32314135,4489,269340.0
583,32318613,4478,268680.0
584,32323108,4495,269700.0
585,32327562,4454,267240.0
586,32331994,4432,265920.0
588,32336430,4436,133080.0
589,32340877,4447,266820.0
590,32345295,4418,265080.0
591,32349729,4434,266040.0
592,32354107,4378,262680.0
593,32358562,4455,267300.0
594,32363043,4481,268860.0
595,32367510,4467,268020.0
597,32371933,4423,132690.0
598,32376329,4396,263760.0
599,32380733,4404,264240.0
600,32385180,4447,266820.0
601,32389641,4461,267660.0
602,32393899,4258,255480.0
604,32398076,4177,125310.0
605,32402058,3982,238920.0
606,32406099,4041,242460.0
607,32410271,4172,250320.0
608,32414479,4208,252480.0
609,32418871,4392,263520.0
611,32423149,4278,128340.0
612,32427600,4451,267060.0
613,32431769,4169,250140.0
614,32435926,4157,249420.0
615,32440066,4140,248400.0
617,32444409,4343,130290.0
618,32448808,4399,263940.0
619,32453228,4420,265200.0
620,32457317,4089,245340.0
621,32461618,4301,258060.0
622,32465993,4375,262500.0
624,32470373,4380,131400.0
625,32474731,4358,261480.0
626,32479119,4388,263280.0
627,32483536,4417,265020.0
628,32487911,4375,262500.0
629,32492282,4371,262260.0
631,32496635,4353,130590.0
632,32500902,4267,256020.0
633,32505291,4389,263340.0
634,32509800,4509,270540.0
635,32513986,4186,251160.0
636,32518044,4058,243480.0
637,32522071,4027,241620.0
639,32526229,4158,124740.0
640,32530372,4143,248580.0
641,32534511,4139,248340.0
642,32538785,4274,256440.0
643,32542931,4146,248760.0
644,32547120,4189,251340.0
646,32551313,4193,125790.0
647,32554984,3671,220260.0
648,32558929,3945,236700.0
649,32563095,4166,249960.0
650,32567311,4216,252960.0
651,32571677,4366,261960.0
652,32575989,4312,258720.0
654,32580215,4226,126780.0
655,32584525,4310,258600.0
656,32588855,4330,259800.0
657,32593110,4255,255300.0
658,32597344,4234,254040.0
659,32601607,4263,255780.0
660,32605976,4369,262140.0
662,32610350,4374,131220.0
663,32614806,4456,267360.0
664,32619284,4478,268680.0
665,32623701,4417,265020.0
666,32628243,4542,272520.0
667,32632705,4462,267720.0
668,32637217,4512,270720.0
670,32641777,4560,136800.0
671,32646301,4524,271440.0
672,32650857,4556,273360.0
673,32655466,4609,276540.0
674,32660089,4623,277380.0
675,32664617,4528,271680.0
676,32669263,4646,278760.0
678,32673802,4539,136170.0
679,32678452,4650,279000.0
680,32683060,4608,276480.0
681,32687697,4637,278220.0
682,32692266,4569,274140.0
683,32696865,4599,275940.0
684,32701482,4617,277020.0
686,32706067,4585,137550.0
687,32710718,4651,279060.0
688,32715214,4496,269760.0
689,32719843,4629,277740.0
690,32724521,4678,280680.0
691,32729176,4655,279300.0
692,32733804,4628,277680.0
694,32738405,4601,138030.0
695,32743033,4628,277680.0
696,32747665,4632,277920.0
697,32752327,4662,279720.0
698,32757000,4673,280380.0
699,32761611,4611,276660.0
700,32766143,4532,271920.0
702,32770839,4696,140880.0
703,32775366,4527,271620.0
704,32779900,4534,272040.0
705,32784488,4588,275280.0
706,32789148,4660,279600.0
707,32793704,4556,273360.0
708,32798360,4656,279360.0
710,32803054,4694,140820.0
711,32807593,4539,272340.0
712,32812309,4716,282960.0
713,32816856,4547,272820.0
714,32821418,4562,273720.0
715,32826020,4602,276120.0
716,32830602,4582,274920.0
718,32835064,4462,133860.0
719,32839615,4551,273060.0
720,32844197,4582,274920.0
721,32848781,4584,275040.0
722,32853274,4493,269580.0
723,32857778,4504,270240.0
724,32862329,4551,273060.0
726,32867016,4687,140610.0
727,32871532,4516,270960.0
728,32876140,4608,276480.0
729,32880749,4609,276540.0
730,32885405,4656,279360.0
731,32890038,4633,277980.0
732,32894586,4548,272880.0
734,32899135,4549,136470.0
735,32903710,4575,274500.0
736,32908222,4512,270720.0
737,32912768,4546,272760.0
738,32917282,4514,270840.0
739,32921817,4535,272100.0
740,32926461,4644,278640.0
742,32931256,4795,143850.0
743,32936022,4766,285960.0
744,32940808,4786,287160.0
745,32945418,4610,276600.0
746,32950175,4757,285420.0
747,32954942,4767,286020.0
748,32959644,4702,282120.0
750,32964442,4798,143940.0
751,32969177,4735,284100.0
752,32973855,4678,280680.0
753,32978589,4734,284040.0
754,32983362,4773,286380.0
755,32988127,4765,285900.0
756,32992831,4704,282240.0
757,32997537,4706,282360.0
759,33002295,4758,142740.0
760,33007157,4862,291720.0
761,33011968,4811,288660.0
762,33016679,4711,282660.0
763,33021406,4727,283620.0
764,33026146,4740,284400.0
765,33030880,4734,284040.0
767,33035576,4696,140880.0
768,33040249,4673,280380.0
769,33044942,4693,281580.0
770,33049693,4751,285060.0
771,33054394,4701,282060.0
772,33059093,4699,281940.0
773,33063951,4858,291480.0
775,33068678,4727,141810.0
776,33073391,4713,282780.0
777,33078108,4717,283020.0
778,33082896,4788,287280.0
779,33087665,4769,286140.0
780,33092575,4910,294600.0
781,33097393,4818,289080.0
783,33102176,4783,143490.0
784,33106940,4764,285840.0
785,33111657,4717,283020.0
786,33116298,4641,278460.0
787,33121118,4820,289200.0
788,33125944,4826,289560.0
789,33130699,4755,285300.0
791,33135424,4725,141750.0
792,33140240,4816,288960.0
793,33145007,4767,286020.0
794,33149752,4745,284700.0
795,33154499,4747,284820.0
796,33159247,4748,284880.0
797,33163976,4729,283740.0
798,33168705,4729,283740.0
800,33173559,4854,145620.0
801,33178312,4753,285180.0
802,33183169,4857,291420.0
803,33187900,4731,283860.0
804,33192707,4807,288420.0
805,33197490,4783,286980.0
806,33202251,4761,285660.0
808,33207065,4814,144420.0
809,33211815,4750,285000.0
810,33216641,4826,289560.0
811,33221398,4757,285420.0
812,33226126,4728,283680.0
813,33230875,4749,284940.0
814,33235699,4824,289440.0
816,33240420,4721,141630.0
817,33245142,4722,283320.0
818,33249833,4691,281460.0
819,33254459,4626,277560.0
820,33259217,4758,285480.0
821,33263931,4714,282840.0
822,33268444,4513,270780.0
824,33272799,4355,130650.0
825,33277233,4434,266040.0
826,33281529,4296,257760.0
827,33285956,4427,265620.0
828,33290632,4676,280560.0
830,33295282,4650,139500.0
831,33300031,4749,284940.0
832,33304807,4776,286560.0
833,33309546,4739,284340.0
834,33314289,4743,284580.0
836,33318922,4633,138990.0
837,33323549,4627,277620.0
838,33328227,4678,280680.0
839,33332879,4652,279120.0
840,33337655,4776,286560.0
842,33342326,4671,140130.0
843,33346997,4671,280260.0
844,33351802,4805,288300.0
845,33356508,4706,282360.0
846,33361256,4748,284880.0
847,33365905,4649,278940.0
849,33370614,4709,141270.0
850,33375066,4452,267120.0
851,33379676,4610,276600.0
852,33384333,4657,279420.0
853,33388958,4625,277500.0
855,33393704,4746,142380.0
856,33398472,4768,286080.0
857,33403256,4784,287040.0
858,33407972,4716,282960.0
859,33412855,4883,292980.0
861,33417606,4751,142530.0
862,33422336,4730,283800.0
863,33427164,4828,289680.0
864,33431890,4726,283560.0
865,33436717,4827,289620.0
867,33441498,4781,143430.0
868,33446280,4782,286920.0
869,33451074,4794,287640.0
870,33455873,4799,287940.0
871,33460672,4799,287940.0
873,33465122,4450,133500.0
874,33469596,4474,268440.0
875,33474263,4667,280020.0
876,33478932,4669,280140.0
877,33483632,4700,282000.0
879,33488309,4677,140310.0
880,33493100,4791,287460.0
881,33497933,4833,289980.0
882,33502611,4678,280680.0
883,33507339,4728,283680.0
885,33512153,4814,144420.0
886,33516909,4756,285360.0
887,33521577,4668,280080.0
888,33526428,4851,291060.0
889,33531151,4723,283380.0
891,33535893,4742,142260.0
892,33540585,4692,281520.0
893,33545311,4726,283560.0
894,33549979,4668,280080.0
895,33554775,4796,287760.0
897,33559508,4733,141990.0
898,33564241,4733,283980.0
899,33569007,4766,285960.0
900,33573764,4757,285420.0
901,33578544,4780,286800.0
903,33583175,4631,138930.0
904,33588020,4845,290700.0
905,33592733,4713,282780.0
906,33597421,4688,281280.0
907,33602115,4694,281640.0
909,33606763,4648,139440.0
910,33611397,4634,278040.0
911,33616028,4631,277860.0
912,33620682,4654,279240.0
913,33625390,4708,282480.0
915,33630215,4825,144750.0
916,33634878,4663,279780.0
917,33639593,4715,282900.0
918,33644157,4564,273840.0
919,33648868,4711,282660.0
920,33653469,4601,276060.0
922,33658227,4758,142740.0
923,33662914,4687,281220.0
924,33667608,4694,281640.0
925,33672294,4686,281160.0
926,33677060,4766,285960.0
928,33681753,4693,140790.0
929,33686472,4719,283140.0
930,33691167,4695,281700.0
931,33695858,4691,281460.0
932,33700646,4788,287280.0
934,33705446,4800,144000.0
935,33710065,4619,277140.0
936,33714727,4662,279720.0
937,33719659,4932,295920.0
938,33724492,4833,289980.0
940,33729203,4711,141330.0
941,33733858,4655,279300.0
942,33738511,4653,279180.0
943,33743225,4714,282840.0
944,33747987,4762,285720.0
946,33752616,4629,138870.0
947,33757351,4735,284100.0
948,33762039,4688,281280.0
949,33766726,4687,281220.0
950,33771421,4695,281700.0
951,33776101,4680,280800.0
953,33780766,4665,139950.0
954,33785441,4675,280500.0
955,33790085,4644,278640.0
956,33794795,4710,282600.0
957,33799555,4760,285600.0
959,33804358,4803,144090.0
960,33809226,4868,292080.0
961,33813951,4725,283500.0
962,33818791,4840,290400.0
963,33823412,4621,277260.0
965,33828194,4782,143460.0
966,33832937,4743,284580.0
967,33837657,4720,283200.0
968,33842282,4625,277500.0
969,33846962,4680,280800.0
971,33851676,4714,141420.0
972,33856387,4711,282660.0
973,33861101,4714,282840.0
974,33865714,4613,276780.0
975,33870446,4732,283920.0
977,33875160,4714,141420.0
978,33879798,4638,278280.0
979,33884549,4751,285060.0
980,33889231,4682,280920.0
981,33893862,4631,277860.0
983,33898589,4727,141810.0
984,33903249,4660,279600.0
985,33907824,4575,274500.0
986,33912640,4816,288960.0
987,33917277,4637,278220.0
989,33921902,4625,138750.0
990,33926559,4657,279420.0
991,33931177,4618,277080.0
992,33935894,4717,283020.0
993,33940636,4742,284520.0
995,33945404,4768,143040.0
996,33950038,4634,278040.0
997,33954839,4801,288060.0
998,33959558,4719,283140.0
999,33964131,4573,274380.0
1000,33968820,4689,281340.0
1002,33973435,4615,138450.0
1003,33978057,4622,277320.0
1004,33982732,4675,280500.0
1005,33987458,4726,283560.0
1006,33992213,4755,285300.0
1008,33996861,4648,139440.0
1009,34001658,4797,287820.0
1010,34006398,4740,284400.0
1011,34011060,4662,279720.0
1012,34015824,4764,285840.0
1014,34020659,4835,145050.0
1015,34025272,4613,276780.0
1016,34030171,4899,293940.0
1017,34034949,4778,286680.0
1018,34039694,4745,284700.0
1020,34044524,4830,144900.0
1021,34049392,4868,292080.0
1022,34054075,4683,280980.0
1023,34058886,4811,288660.0
1024,34063666,4780,286800.0
1026,34068365,4699,140970.0
1027,34073264,4899,293940.0
1028,34077997,4733,283980.0
1029,34082748,4751,285060.0
1030,34087538,4790,287400.0
1032,34092324,4786,143580.0
1033,34097045,4721,283260.0
1034,34101816,4771,286260.0
1035,34106476,4660,279600.0
1036,34111272,4796,287760.0
1038,34115974,4702,141060.0
1039,34120654,4680,280800.0
1040,34125372,4718,283080.0
1041,34130101,4729,283740.0
1042,34134735,4634,278040.0
1044,34139186,4451,133530.0
1045,34143810,4624,277440.0
1046,34148434,4624,277440.0
1047,34153054,4620,277200.0
1048,34157503,4449,266940.0
1050,34162016,4513,135390.0
1051,34166394,4378,262680.0
1052,34170877,4483,268980.0
1053,34175383,4506,270360.0
1055,34179712,4329,129870.0
1056,34183864,4152,249120.0
1057,34188117,4253,255180.0
1058,34192621,4504,270240.0
1060,34197047,4426,132780.0
1061,34201502,4455,267300.0
1062,34206048,4546,272760.0
1063,34210288,4240,254400.0
1065,34214426,4138,124140.0
1066,34218948,4522,271320.0
1067,34223952,5004,300240.0
1068,34228620,4668,280080.0
1070,34233337,4717,141510.0
1071,34238182,4845,290700.0
1072,34242947,4765,285900.0
1073,34247756,4809,288540.0
1075,34251824,4068,122040.0
1076,34256366,4542,272520.0
1077,34261000,4634,278040.0
1078,34265607,4607,276420.0
1080,34270144,4537,136110.0
1081,34274616,4472,268320.0
1082,34279094,4478,268680.0
1083,34283664,4570,274200.0
1085,34288379,4715,141450.0
1086,34293062,4683,280980.0
1087,34297657,4595,275700.0
1088,34302238,4581,274860.0
1090,34306920,4682,140460.0
1091,34311601,4681,280860.0
1092,34316245,4644,278640.0
1093,34320891,4646,278760.0
1094,34325498,4607,276420.0
1096,34329696,4198,125940.0
1097,34333969,4273,256380.0
1098,34338050,4081,244860.0
1099,34342285,4235,254100.0
1101,34345798,3513,105390.0
1102,34349532,3734,224040.0
1103,34353510,3978,238680.0
1104,34357555,4045,242700.0
1106,34361647,4092,122760.0
1107,34365801,4154,249240.0
1108,34369884,4083,244980.0
1109,34374008,4124,247440.0
1111,34378077,4069,122070.0
1112,34382406,4329,259740.0
1113,34386887,4481,268860.0
1114,34391219,4332,259920.0
1116,34395619,4400,132000.0
1117,34399988,4369,262140.0
1118,34404305,4317,259020.0
1119,34408568,4263,255780.0
1121,34412914,4346,130380.0
1122,34417252,4338,260280.0
1123,34421611,4359,261540.0
1124,34426171,4560,273600.0
1126,34430608,4437,133110.0
1127,34435093,4485,269100.0
1128,34439564,4471,268260.0
1129,34444097,4533,271980.0
1131,34448578,4481,134430.0
1132,34452969,4391,263460.0
1133,34457498,4529,271740.0
1134,34461953,4455,267300.0
1136,34466438,4485,134550.0
1137,34470917,4479,268740.0
1138,34475467,4550,273000.0
1139,34480028,4561,273660.0
1141,34484522,4494,134820.0
1142,34489061,4539,272340.0
1143,34493577,4516,270960.0
1144,34498122,4545,272700.0
1146,34502746,4624,138720.0
1147,34507471,4725,283500.0
1148,34512121,4650,279000.0
1149,34516857,4736,284160.0
1151,34521521,4664,139920.0
1152,34526188,4667,280020.0
1153,34530888,4700,282000.0
1154,34535511,4623,277380.0
1156,34540249,4738,142140.0
1157,34544878,4629,277740.0
1158,34549604,4726,283560.0
1159,34554302,4698,281880.0
1160,34559032,4730,283800.0
1162,34563761,4729,141870.0
1163,34568492,4731,283860.0
1164,34573395,4903,294180.0
1165,34578119,4724,283440.0
1167,34582851,4732,141960.0
1168,34587544,4693,281580.0
1169,34592377,4833,289980.0
1170,34597085,4708,282480.0
1172,34601650,4565,136950.0
1173,34606490,4840,290400.0
1174,34611262,4772,286320.0
1175,34616039,4777,286620.0
1177,34620754,4715,141450.0
1178,34625457,4703,282180.0
1179,34630217,4760,285600.0
1180,34634950,4733,283980.0
1182,34639675,4725,141750.0
1183,34644431,4756,285360.0
1184,34649113,4682,280920.0
1185,34653739,4626,277560.0
1187,34658486,4747,142410.0
1188,34663257,4771,286260.0
1189,34668097,4840,290400.0
1190,34672954,4857,291420.0
1192,34677778,4824,144720.0
1193,34682661,4883,292980.0
1194,34687353,4692,281520.0
1195,34692047,4694,281640.0
1196,34696798,4751,285060.0
1198,34701388,4590,137700.0
1199,34706077,4689,281340.0
1200,34710853,4776,286560.0
1202,34715566,4713,141390.0
1203,34720127,4561,273660.0
1204,34724671,4544,272640.0
1205,34729140,4469,268140.0
1207,34733650,4510,135300.0
1208,34738470,4820,289200.0
1209,34743121,4651,279060.0
1211,34747943,4822,144660.0
1212,34752590,4647,278820.0
1213,34757229,4639,278340.0
1214,34761871,4642,278520.0
1216,34766341,4470,134100.0
1217,34770891,4550,273000.0
1218,34775404,4513,270780.0
1219,34779945,4541,272460.0
1221,34784448,4503,135090.0
1222,34788867,4419,265140.0
1223,34792995,4128,247680.0
1225,34797442,4447,133410.0
1226,34801936,4494,269640.0
1227,34806393,4457,267420.0
1228,34810734,4341,260460.0
1230,34815053,4319,129570.0
1231,34819235,4182,250920.0
1232,34823692,4457,267420.0
1233,34828107,4415,264900.0
1235,34832615,4508,135240.0
1236,34837005,4390,263400.0
1237,34841528,4523,271380.0
1239,34845901,4373,131190.0
1240,34850409,4508,270480.0
1241,34855022,4613,276780.0
1242,34859567,4545,272700.0
1244,34864078,4511,135330.0
1245,34868536,4458,267480.0
1246,34872926,4390,263400.0
1248,34877401,4475,134250.0
1249,34881904,4503,270180.0
1250,34886421,4517,271020.0
1251,34891024,4603,276180.0
1253,34895563,4539,136170.0
1254,34900019,4456,267360.0
1255,34904505,4486,269160.0
1257,34909114,4609,138270.0
1258,34913604,4490,269400.0
1259,34918116,4512,270720.0
1260,34922563,4447,266820.0
1262,34926977,4414,132420.0
1263,34931508,4531,271860.0
1264,34936099,4591,275460.0
1265,34940535,4436,266160.0
1267,34945005,4470,134100.0
1268,34949490,4485,269100.0
1269,34954125,4635,278100.0
1271,34958635,4510,135300.0
1272,34963187,4552,273120.0
1273,34967750,4563,273780.0
1274,34972423,4673,280380.0
1276,34977077,4654,139620.0
1277,34981698,4621,277260.0
1278,34986359,4661,279660.0
1279,34991101,4742,284520.0
1281,34995957,4856,145680.0
1282,35000682,4725,283500.0
1283,35005420,4738,284280.0
1285,35010061,4641,139230.0
1286,35014812,4751,285060.0
1287,35019541,4729,283740.0
1288,35024139,4598,275880.0
1290,35028981,4842,145260.0
1291,35033894,4913,294780.0
1292,35038705,4811,288660.0
1293,35043498,4793,287580.0
1295,35048302,4804,144120.0
1296,35053150,4848,290880.0
1297,35057791,4641,278460.0
1299,35062638,4847,145410.0
1300,35067324,4686,281160.0
1301,35072124,4800,288000.0
1302,35077017,4893,293580.0
1304,35081695,4678,140340.0
1305,35086410,4715,282900.0
1306,35091194,4784,287040.0
1308,35095863,4669,140070.0
1309,35100714,4851,291060.0
1310,35104979,4265,255900.0
1311,35109775,4796,287760.0
1313,35114448,4673,140190.0
1314,35119215,4767,286020.0
1315,35124005,4790,287400.0
1316,35128586,4581,274860.0
1318,35133439,4853,145590.0
1319,35138156,4717,283020.0
1320,35142762,4606,276360.0
1322,35147182,4420,132600.0
1323,35151830,4648,278880.0
1324,35156402,4572,274320.0
1325,35160978,4576,274560.0
1327,35165415,4437,133110.0
1328,35169795,4380,262800.0
1329,35174375,4580,274800.0
1331,35178959,4584,137520.0
1332,35183620,4661,279660.0
1333,35188148,4528,271680.0
1334,35192663,4515,270900.0
1336,35197225,4562,136860.0
1337,35201848,4623,277380.0
1338,35206492,4644,278640.0
1340,35211012,4520,135600.0
1341,35215550,4538,272280.0
1342,35220061,4511,270660.0
1343,35224473,4412,264720.0
1345,35229101,4628,138840.0
1346,35233615,4514,270840.0
1347,35238075,4460,267600.0
1349,35242682,4607,138210.0
1350,35247214,4532,271920.0
1351,35251764,4550,273000.0
1352,35256320,4556,273360.0
1354,35260733,4413,132390.0
1355,35265200,4467,268020.0
1356,35269650,4450,267000.0
1358,35274145,4495,134850.0
1359,35278593,4448,266880.0
1360,35283176,4583,274980.0
1361,35287667,4491,269460.0
1363,35292227,4560,136800.0
1364,35296500,4273,256380.0
1365,35301101,4601,276060.0
1367,35305604,4503,135090.0
1368,35310271,4667,280020.0
1369,35314857,4586,275160.0
1370,35319479,4622,277320.0
1372,35323837,4358,130740.0
1373,35328355,4518,271080.0
1374,35332890,4535,272100.0
1376,35337380,4490,134700.0
1377,35341816,4436,266160.0
1378,35346337,4521,271260.0
1379,35350937,4600,276000.0
1381,35355572,4635,139050.0
1382,35359960,4388,263280.0
1383,35364456,4496,269760.0
1385,35369071,4615,138450.0
1386,35373649,4578,274680.0
1387,35378166,4517,271020.0
1388,35382807,4641,278460.0
1390,35387349,4542,136260.0
1391,35391964,4615,276900.0
1392,35396527,4563,273780.0
1394,35401012,4485,134550.0
1395,35405651,4639,278340.0
1396,35410228,4577,274620.0
1398,35414853,4625,138750.0
1399,35419340,4487,269220.0
1400,35424014,4674,280440.0
1401,35428547,4533,271980.0
1403,35432990,4443,133290.0
1404,35437495,4505,270300.0
1405,35442036,4541,272460.0
1407,35446740,4704,141120.0
1408,35451424,4684,281040.0
1409,35455970,4546,272760.0
1410,35460478,4508,270480.0
1412,35465050,4572,137160.0
1413,35469588,4538,272280.0
1414,35474186,4598,275880.0
1416,35478619,4433,132990.0
1417,35483108,4489,269340.0
1418,35487647,4539,272340.0
1419,35492122,4475,268500.0
1421,35496529,4407,132210.0
1422,35501005,4476,268560.0
1423,35505667,4662,279720.0
1425,35510136,4469,134070.0
1426,35514627,4491,269460.0
1427,35519127,4500,270000.0
1428,35523686,4559,273540.0
1430,35528108,4422,132660.0
1431,35532560,4452,267120.0
1432,35537067,4507,270420.0
1434,35541654,4587,137610.0
1435,35546141,4487,269220.0
1436,35550555,4414,264840.0
1437,35555168,4613,276780.0
1439,35559641,4473,134190.0
1440,35564295,4654,279240.0
1441,35568669,4374,262440.0
1442,35573083,4414,264840.0
1444,35577509,4426,132780.0
1445,35582010,4501,270060.0
1446,35586644,4634,278040.0
1448,35590890,4246,127380.0
1449,35595034,4144,248640.0
1450,35599176,4142,248520.0
1452,35603185,4009,120270.0
1453,35607078,3893,233580.0
1454,35610935,3857,231420.0
1456,35614806,3871,116130.0
1457,35618771,3965,237900.0
1458,35622773,4002,240120.0
1460,35626697,3924,117720.0
1461,35630744,4047,242820.0
1462,35634844,4100,246000.0
1464,35638951,4107,123210.0
1465,35642941,3990,239400.0
1466,35646999,4058,243480.0
1468,35651142,4143,124290.0
1469,35655308,4166,249960.0
1470,35659592,4284,257040.0
1472,35664040,4448,133440.0
1473,35668435,4395,263700.0
1474,35672890,4455,267300.0
1476,35677471,4581,137430.0
1477,35682082,4611,276660.0
1478,35686680,4598,275880.0
1480,35690930,4250,127500.0
1481,35695298,4368,262080.0
1482,35699606,4308,258480.0
1484,35704001,4395,131850.0
1485,35708408,4407,264420.0
1486,35712692,4284,257040.0
1488,35717106,4414,132420.0
1489,35721597,4491,269460.0
1490,35726095,4498,269880.0
1492,35730582,4487,134610.0
1493,35734607,4025,241500.0
1494,35738888,4281,256860.0
1496,35743080,4192,125760.0
1497,35747267,4187,251220.0
1498,35751486,4219,253140.0
1500,35755769,4283,128490.0
1501,35760076,4307,258420.0
1502,35764453,4377,262620.0
1504,35768887,4434,133020.0
1505,35773340,4453,267180.0
1506,35777909,4569,274140.0
1507,35781714,3805,228300.0
1508,35785608,3894,233640.0
1510,35789520,3912,117360.0
1511,35793407,3887,233220.0
1512,35797346,3939,236340.0
1513,35801274,3928,235680.0
1514,35805329,4055,243300.0
1515,35809224,3895,233700.0
1516,35813154,3930,235800.0
1517,35817121,3967,238020.0
1519,35819443,2322,69660.0
1520,35822088,2645,158700.0
1521,35824904,2816,168960.0
1522,35827801,2897,173820.0
1523,35830828,3027,181620.0
1524,35833979,3151,189060.0
1525,35837088,3109,186540.0
1526,35840285,3197,191820.0
1527,35843543,3258,195480.0
1529,35846758,3215,96450.0
1530,35850028,3270,196200.0
1531,35853326,3298,197880.0
1532,35856636,3310,198600.0
1533,35859905,3269,196140.0
1534,35863231,3326,199560.0
1535,35866615,3384,203040.0
1536,35869949,3334,200040.0
1537,35873461,3512,210720.0
1538,35876841,3380,202800.0
1540,35880342,3501,105030.0
1541,35883776,3434,206040.0
1542,35887238,3462,207720.0
1543,35890744,3506,210360.0
1544,35894293,3549,212940.0
1545,35897793,3500,210000.0
1546,35901294,3501,210060.0
1547,35904823,3529,211740.0
1548,35908356,3533,211980.0
1550,35911893,3537,106110.0
1551,35915472,3579,214740.0
1552,35919058,3586,215160.0
1553,35922706,3648,218880.0
1554,35926282,3576,214560.0
1555,35929871,3589,215340.0
1556,35933449,3578,214680.0
1557,35937084,3635,218100.0
1558,35940718,3634,218040.0
1560,35944350,3632,108960.0
1561,35948084,3734,224040.0
1562,35951833,3749,224940.0
1563,35955567,3734,224040.0
1564,35959275,3708,222480.0
1565,35963045,3770,226200.0
1566,35966786,3741,224460.0
1567,35970531,3745,224700.0
1568,35974254,3723,223380.0
1570,35978013,3759,112770.0
1571,35981757,3744,224640.0
1572,35985494,3737,224220.0
1573,35989222,3728,223680.0
1574,35992975,3753,225180.0
1575,35996785,3810,228600.0
1576,36000608,3823,229380.0
1577,36004483,3875,232500.0
1578,36008179,3696,221760.0
1580,36012073,3894,116820.0
1581,36015846,3773,226380.0
1582,36019674,3828,229680.0
1583,36023511,3837,230220.0
1584,36027365,3854,231240.0
1585,36031172,3807,228420.0
1586,36034967,3795,227700.0
1587,36038719,3752,225120.0
1588,36042515,3796,227760.0
1590,36046331,3816,114480.0
1591,36050210,3879,232740.0
1592,36054053,3843,230580.0
1593,36057914,3861,231660.0
1594,36061745,3831,229860.0
1595,36065643,3898,233880.0
1596,36069524,3881,232860.0
1597,36073482,3958,237480.0
1598,36077358,3876,232560.0
1600,36081232,3874,116220.0
1601,36085227,3995,239700.0
1602,36089105,3878,232680.0
1603,36093064,3959,237540.0
1604,36096936,3872,232320.0
1605,36100830,3894,233640.0
1606,36104699,3869,232140.0
1607,36108636,3937,236220.0
1608,36112721,4085,245100.0
1610,36116595,3874,116220.0
1611,36120569,3974,238440.0
1612,36124562,3993,239580.0
1613,36128489,3927,235620.0
1614,36132421,3932,235920.0
1615,36136446,4025,241500.0
1616,36140472,4026,241560.0
1617,36144397,3925,235500.0
1618,36148290,3893,233580.0
1620,36152245,3955,118650.0
1621,36156195,3950,237000.0
1622,36160188,3993,239580.0
1623,36164139,3951,237060.0
1624,36168055,3916,234960.0
1625,36172020,3965,237900.0
1626,36175893,3873,232380.0
1627,36179818,3925,235500.0
1629,36183761,3943,118290.0
1630,36187790,4029,241740.0
1631,36191833,4043,242580.0
1632,36195825,3992,239520.0
1633,36199822,3997,239820.0
1634,36203835,4013,240780.0
1635,36207808,3973,238380.0
1636,36211678,3870,232200.0
1637,36215615,3937,236220.0
1639,36219618,4003,120090.0
1640,36223602,3984,239040.0
1641,36227473,3871,232260.0
1642,36231459,3986,239160.0
1643,36235391,3932,235920.0
1644,36239364,3973,238380.0
1645,36243383,4019,241140.0
1646,36247386,4003,240180.0
1647,36251397,4011,240660.0
1649,36255400,4003,120090.0
1650,36259396,3996,239760.0
1651,36263371,3975,238500.0
1652,36267411,4040,242400.0
1653,36271365,3954,237240.0
1654,36275366,4001,240060.0
1655,36279354,3988,239280.0
1656,36283312,3958,237480.0
1657,36287372,4060,243600.0
1659,36291361,3989,119670.0
1660,36295358,3997,239820.0
1661,36299335,3977,238620.0
1662,36303358,4023,241380.0
1663,36307352,3994,239640.0
1664,36311365,4013,240780.0
1665,36315275,3910,234600.0
1666,36319244,3969,238140.0
1667,36323204,3960,237600.0
1669,36327279,4075,122250.0
1670,36331256,3977,238620.0
1671,36335292,4036,242160.0
1672,36339345,4053,243180.0
1673,36343267,3922,235320.0
1674,36347226,3959,237540.0
1675,36351114,3888,233280.0
1676,36355128,4014,240840.0
1677,36359117,3989,239340.0
1679,36363090,3973,119190.0
1680,36367059,3969,238140.0
1681,36371067,4008,240480.0
1682,36374946,3879,232740.0
1683,36378893,3947,236820.0
1684,36382923,4030,241800.0
1685,36386909,3986,239160.0
1686,36390875,3966,237960.0
1687,36394885,4010,240600.0
1689,36398837,3952,118560.0
1690,36402832,3995,239700.0
1691,36406883,4051,243060.0
1692,36410858,3975,238500.0
1693,36414868,4010,240600.0
1694,36418772,3904,234240.0
1695,36422806,4034,242040.0
1696,36426701,3895,233700.0
1697,36430660,3959,237540.0
1699,36434564,3904,117120.0
1700,36438493,3929,235740.0
1701,36442408,3915,234900.0
1702,36446433,4025,241500.0
1703,36450423,3990,239400.0
1704,36454394,3971,238260.0
1705,36458223,3829,229740.0
1706,36462195,3972,238320.0
1708,36466021,3826,114780.0
1709,36469713,3692,221520.0
1710,36473497,3784,227040.0
1711,36477118,3621,217260.0
1712,36480872,3754,225240.0
1713,36484640,3768,226080.0
1714,36488444,3804,228240.0
1716,36492281,3837,115110.0
1717,36496082,3801,228060.0
1718,36499822,3740,224400.0
1719,36503668,3846,230760.0
1720,36507462,3794,227640.0
1721,36511383,3921,235260.0
1723,36515189,3806,114180.0
1724,36519039,3850,231000.0
1725,36522836,3797,227820.0
1726,36526635,3799,227940.0
1727,36530493,3858,231480.0
1728,36534366,3873,232380.0
1730,36538140,3774,113220.0
1731,36542070,3930,235800.0
1732,36545912,3842,230520.0
1733,36549629,3717,223020.0
1734,36553083,3454,207240.0
1735,36556701,3618,217080.0
1736,36560338,3637,218220.0
1738,36564023,3685,110550.0
1739,36567796,3773,226380.0
1740,36571458,3662,219720.0
1741,36575192,3734,224040.0
1742,36578865,3673,220380.0
1743,36582476,3611,216660.0
1744,36586176,3700,222000.0
1745,36589862,3686,221160.0
1747,36593647,3785,113550.0
1748,36597324,3677,220620.0
1749,36601094,3770,226200.0
1750,36604844,3750,225000.0
1751,36608664,3820,229200.0
1752,36612484,3820,229200.0
1753,36616044,3560,213600.0
1754,36619536,3492,209520.0
1756,36623050,3514,105420.0
1757,36626563,3513,210780.0
1758,36630193,3630,217800.0
1759,36633796,3603,216180.0
1760,36637287,3491,209460.0
1761,36640692,3405,204300.0
1762,36644384,3692,221520.0
1763,36648079,3695,221700.0
1765,36651813,3734,112020.0
1766,36655372,3559,213540.0
1767,36659080,3708,222480.0
1768,36662864,3784,227040.0
1769,36666571,3707,222420.0
1770,36670383,3812,228720.0
1771,36674077,3694,221640.0
1773,36677923,3846,115380.0
1774,36681748,3825,229500.0
1775,36685621,3873,232380.0
1776,36689418,3797,227820.0
1777,36693216,3798,227880.0
1778,36697059,3843,230580.0
1779,36700882,3823,229380.0
1780,36704742,3860,231600.0
1782,36708544,3802,114060.0
1783,36712398,3854,231240.0
1784,36716331,3933,235980.0
1785,36720190,3859,231540.0
1786,36723964,3774,226440.0
1787,36727730,3766,225960.0
1788,36731611,3881,232860.0
1790,36735450,3839,115170.0
1791,36739221,3771,226260.0
1792,36743030,3809,228540.0
1793,36746913,3883,232980.0
1794,36750799,3886,233160.0
1795,36754650,3851,231060.0
1796,36758558,3908,234480.0
1798,36762050,3492,104760.0
1799,36765699,3649,218940.0
1800,36769272,3573,214380.0
1801,36773063,3791,227460.0
1802,36776840,3777,226620.0
1803,36780593,3753,225180.0
1804,36784290,3697,221820.0
1806,36788039,3749,112470.0
1807,36791644,3605,216300.0
1808,36795282,3638,218280.0
1809,36798797,3515,210900.0
1810,36802327,3530,211800.0
1811,36806090,3763,225780.0
1813,36809797,3707,111210.0
1814,36813361,3564,213840.0
1815,36817012,3651,219060.0
1816,36820698,3686,221160.0
1817,36824485,3787,227220.0
1818,36828177,3692,221520.0
1820,36831823,3646,109380.0
1821,36835569,3746,224760.0
1822,36839238,3669,220140.0
1823,36842938,3700,222000.0
1824,36846758,3820,229200.0
1825,36850607,3849,230940.0
1826,36854559,3952,237120.0
1828,36858586,4027,120810.0
1829,36862598,4012,240720.0
1830,36866512,3914,234840.0
1831,36870501,3989,239340.0
1832,36874468,3967,238020.0
1833,36878690,4222,253320.0
1835,36882908,4218,126540.0
1836,36887127,4219,253140.0
1837,36891370,4243,254580.0
1838,36895552,4182,250920.0
1839,36899774,4222,253320.0
1840,36904010,4236,254160.0
1842,36908189,4179,125370.0
1843,36912403,4214,252840.0
1844,36916593,4190,251400.0
1845,36920961,4368,262080.0
1846,36925144,4183,250980.0
1847,36929358,4214,252840.0
1848,36933667,4309,258540.0
1850,36937910,4243,127290.0
1851,36942268,4358,261480.0
1852,36946407,4139,248340.0
1853,36950551,4144,248640.0
1854,36954833,4282,256920.0
1855,36959101,4268,256080.0
1857,36963350,4249,127470.0
1858,36967576,4226,253560.0
1859,36971782,4206,252360.0
1860,36975958,4176,250560.0
1861,36980183,4225,253500.0
1862,36984360,4177,250620.0
1864,36988516,4156,124680.0
1865,36992704,4188,251280.0
1866,36996951,4247,254820.0
1867,37001248,4297,257820.0
1868,37005504,4256,255360.0
1869,37009757,4253,255180.0
1871,37014079,4322,129660.0
1872,37018259,4180,250800.0
1873,37022541,4282,256920.0
1874,37026766,4225,253500.0
1875,37030974,4208,252480.0
1876,37035176,4202,252120.0
1878,37039389,4213,126390.0
1879,37043548,4159,249540.0
1880,37047813,4265,255900.0
1881,37052041,4228,253680.0
1882,37056305,4264,255840.0
1883,37060598,4293,257580.0
1884,37064781,4183,250980.0
1886,37069033,4252,127560.0
1887,37073277,4244,254640.0
1888,37077463,4186,251160.0
1889,37081720,4257,255420.0
1890,37085853,4133,247980.0
1891,37090139,4286,257160.0
1893,37094383,4244,127320.0
1894,37098644,4261,255660.0
1895,37102734,4090,245400.0
1896,37106891,4157,249420.0
1897,37111074,4183,250980.0
1898,37115437,4363,261780.0
1900,37119679,4242,127260.0
1901,37123930,4251,255060.0
1902,37128223,4293,257580.0
1903,37132506,4283,256980.0
1904,37136799,4293,257580.0
1905,37141077,4278,256680.0
1907,37145263,4186,125580.0
1908,37149561,4298,257880.0
1909,37153796,4235,254100.0
1910,37157926,4130,247800.0
1911,37162183,4257,255420.0
1912,37166466,4283,256980.0
1913,37170727,4261,255660.0
1915,37174888,4161,124830.0
1916,37179124,4236,254160.0
1917,37183413,4289,257340.0
1918,37187699,4286,257160.0
1919,37191824,4125,247500.0
1920,37196005,4181,250860.0
1922,37200306,4301,129030.0
1923,37204523,4217,253020.0
1924,37208818,4295,257700.0
1925,37213080,4262,255720.0
1926,37217235,4155,249300.0
1927,37221488,4253,255180.0
1929,37225684,4196,125880.0
1930,37229869,4185,251100.0
1931,37234176,4307,258420.0
1932,37238388,4212,252720.0
1933,37242590,4202,252120.0
1934,37246894,4304,258240.0
1936,37251023,4129,123870.0
1937,37255265,4242,254520.0
1938,37259355,4090,245400.0
1939,37263557,4202,252120.0
1940,37267751,4194,251640.0
1941,37271909,4158,249480.0
1943,37276128,4219,126570.0
1944,37280389,4261,255660.0
1945,37284668,4279,256740.0
1946,37288915,4247,254820.0
1947,37293028,4113,246780.0
1948,37297257,4229,253740.0
1949,37301487,4230,253800.0
1951,37305707,4220,126600.0
1952,37309912,4205,252300.0
1953,37314201,4289,257340.0
1954,37318476,4275,256500.0
1955,37322741,4265,255900.0
1956,37326951,4210,252600.0
1958,37331238,4287,128610.0
1959,37335370,4132,247920.0
1960,37339524,4154,249240.0
1961,37343784,4260,255600.0
1962,37347928,4144,248640.0
1963,37352148,4220,253200.0
1965,37356321,4173,125190.0
1966,37360427,4106,246360.0
1967,37364639,4212,252720.0
1968,37368846,4207,252420.0
1969,37373009,4163,249780.0
1970,37377261,4252,255120.0
1972,37381492,4231,126930.0
1973,37385687,4195,251700.0
1974,37389811,4124,247440.0
1975,37393995,4184,251040.0
1976,37398145,4150,249000.0
1977,37402445,4300,258000.0
1978,37406677,4232,253920.0
1980,37410983,4306,129180.0
1981,37415148,4165,249900.0
1982,37419301,4153,249180.0
1983,37423516,4215,252900.0
1984,37427731,4215,252900.0
1985,37431839,4108,246480.0
1987,37435985,4146,124380.0
1988,37440147,4162,249720.0
1989,37444288,4141,248460.0
1990,37448532,4244,254640.0
1991,37452619,4087,245220.0
1992,37456890,4271,256260.0
1993,37461168,4278,256680.0
1995,37465281,4113,123390.0
1996,37469456,4175,250500.0
1997,37473597,4141,248460.0
1998,37477927,4330,259800.0
1999,37482077,4150,249000.0
2000,37486259,4182,250920.0
2002,37490386,4127,123810.0
2003,37494564,4178,250680.0
2004,37498751,4187,251220.0
2005,37502893,4142,248520.0
2006,37507148,4255,255300.0
2007,37511239,4091,245460.0
2009,37515497,4258,127740.0
2010,37519666,4169,250140.0
2011,37523837,4171,250260.0
2012,37527979,4142,248520.0
2013,37532173,4194,251640.0
2014,37536336,4163,249780.0
2016,37540592,4256,127680.0
2017,37544837,4245,254700.0
2018,37549028,4191,251460.0
2019,37553269,4241,254460.0
2020,37557438,4169,250140.0
2021,37561594,4156,249360.0
2022,37565813,4219,253140.0
2024,37569984,4171,125130.0
2025,37574221,4237,254220.0
2026,37578398,4177,250620.0
2027,37582541,4143,248580.0
2028,37586833,4292,257520.0
2029,37591152,4319,259140.0
2031,37595237,4085,122550.0
2032,37599531,4294,257640.0
2033,37603681,4150,249000.0
2034,37607793,4112,246720.0
2035,37612080,4287,257220.0
2036,37616248,4168,250080.0
2038,37620391,4143,124290.0
2039,37624614,4223,253380.0
2040,37628803,4189,251340.0
2041,37633051,4248,254880.0
2042,37637247,4196,251760.0
2043,37641357,4110,246600.0
2045,37645542,4185,125550.0
2046,37649748,4206,252360.0
2047,37653964,4216,252960.0
2048,37658094,4130,247800.0
2049,37662342,4248,254880.0
2051,37666454,4112,123360.0
2052,37670406,3952,237120.0
2053,37674418,4012,240720.0
2054,37678521,4103,246180.0
2055,37682464,3943,236580.0
2057,37686438,3974,119220.0
2058,37690432,3994,239640.0
2059,37694353,3921,235260.0
2060,37698382,4029,241740.0
2061,37702354,3972,238320.0
2063,37706371,4017,120510.0
2064,37710454,4083,244980.0
2065,37714789,4335,260100.0
2066,37718840,4051,243060.0
2068,37722839,3999,119970.0
2069,37727065,4226,253560.0
2070,37731169,4104,246240.0
2071,37735439,4270,256200.0
2072,37739733,4294,257640.0
2074,37744009,4276,128280.0
2075,37748468,4459,267540.0
2076,37752927,4459,267540.0
2077,37757217,4290,257400.0
2078,37761583,4366,261960.0
2080,37765451,3868,116040.0
2081,37769460,4009,240540.0
2082,37773564,4104,246240.0
2083,37777833,4269,256140.0
2084,37781966,4133,247980.0
2086,37786311,4345,130350.0
2087,37790549,4238,254280.0
2088,37794764,4215,252900.0
2089,37798933,4169,250140.0
2090,37803294,4361,261660.0
2092,37807629,4335,130050.0
2093,37811876,4247,254820.0
2094,37816061,4185,251100.0
2095,37820106,4045,242700.0
2096,37824025,3919,235140.0
2097,37827739,3714,222840.0
2099,37831419,3680,110400.0
2100,37835369,3950,237000.0
2101,37839326,3957,237420.0
2102,37843198,3872,232320.0
2104,37846996,3798,113940.0
2105,37850832,3836,230160.0
2106,37854558,3726,223560.0
2107,37857908,3350,201000.0
2108,37861534,3626,217560.0
2110,37865226,3692,110760.0
2111,37869095,3869,232140.0
2112,37872958,3863,231780.0
2113,37876838,3880,232800.0
2114,37880744,3906,234360.0
2116,37884595,3851,115530.0
2117,37888541,3946,236760.0
2118,37892450,3909,234540.0
2119,37896367,3917,235020.0
2121,37900256,3889,116670.0
2122,37904065,3809,228540.0
2123,37908035,3970,238200.0
2124,37912030,3995,239700.0
2125,37915856,3826,229560.0
2127,37919846,3990,119700.0
2128,37923727,3881,232860.0
2129,37927588,3861,231660.0
2130,37931541,3953,237180.0
2131,37935404,3863,231780.0
2133,37939412,4008,120240.0
2134,37943480,4068,244080.0
2135,37947563,4083,244980.0
2136,37951681,4118,247080.0
2137,37955857,4176,250560.0
2139,37960166,4309,129270.0
2140,37964323,4157,249420.0
2141,37968498,4175,250500.0
2142,37972738,4240,254400.0
2144,37976859,4121,123630.0
2145,37981116,4257,255420.0
2146,37985244,4128,247680.0
2147,37989316,4072,244320.0
2148,37993409,4093,245580.0
2150,37997533,4124,123720.0
2151,38001617,4084,245040.0
2152,38005793,4176,250560.0
2153,38009966,4173,250380.0
2154,38014296,4330,259800.0
2156,38018515,4219,126570.0
2157,38022726,4211,252660.0
2158,38026961,4235,254100.0
2159,38031261,4300,258000.0
2160,38035495,4234,254040.0
2162,38039461,3966,118980.0
2163,38043522,4061,243660.0
2164,38047708,4186,251160.0
2165,38051834,4126,247560.0
2166,38055927,4093,245580.0
2168,38060098,4171,125130.0
2169,38064269,4171,250260.0
2170,38068509,4240,254400.0
2171,38072567,4058,243480.0
2173,38076506,3939,118170.0
2174,38080579,4073,244380.0
2175,38084711,4132,247920.0
2176,38089079,4368,262080.0
2177,38093267,4188,251280.0
2179,38097541,4274,128220.0
2180,38101801,4260,255600.0
2181,38106087,4286,257160.0
2182,38110439,4352,261120.0
2184,38114831,4392,131760.0
2185,38119114,4283,256980.0
2186,38123467,4353,261180.0
2187,38127794,4327,259620.0
2188,38132092,4298,257880.0
2190,38136345,4253,127590.0
2191,38140589,4244,254640.0
2192,38145021,4432,265920.0
2193,38149387,4366,261960.0
2194,38153727,4340,260400.0
2196,38158125,4398,131940.0
2197,38162629,4504,270240.0
2198,38167068,4439,266340.0
2199,38171348,4280,256800.0
2201,38175670,4322,129660.0
2202,38180010,4340,260400.0
2203,38184352,4342,260520.0
2204,38188801,4449,266940.0
2205,38193102,4301,258060.0
2207,38197347,4245,127350.0
2208,38201635,4288,257280.0
2209,38206015,4380,262800.0
2210,38210333,4318,259080.0
2211,38214748,4415,264900.0
2213,38219027,4279,128370.0
2214,38223330,4303,258180.0
2215,38227698,4368,262080.0
2216,38232036,4338,260280.0
2217,38236270,4234,254040.0
2219,38240620,4350,130500.0
2220,38244840,4220,253200.0
2221,38249164,4324,259440.0
2222,38253537,4373,262380.0
2223,38257939,4402,264120.0
2225,38262234,4295,128850.0
2226,38266470,4236,254160.0
2227,38270816,4346,260760.0
2228,38275122,4306,258360.0
2230,38279628,4506,135180.0
2231,38284046,4418,265080.0
2232,38288391,4345,260700.0
2233,38292757,4366,261960.0
2234,38297162,4405,264300.0
2236,38301410,4248,127440.0
2237,38305746,4336,260160.0
2238,38310057,4311,258660.0
2239,38314234,4177,250620.0
2240,38318637,4403,264180.0
2242,38323009,4372,131160.0
2243,38327311,4302,258120.0
2244,38331400,4089,245340.0
2245,38335771,4371,262260.0
2247,38340069,4298,128940.0
2248,38344304,4235,254100.0
2249,38348694,4390,263400.0
2250,38353016,4322,259320.0
2251,38357371,4355,261300.0
2253,38361690,4319,129570.0
2254,38366049,4359,261540.0
2255,38370486,4437,266220.0
2256,38374970,4484,269040.0
2258,38379457,4487,134610.0
2259,38383848,4391,263460.0
2260,38388252,4404,264240.0
2261,38392514,4262,255720.0
2262,38396897,4383,262980.0
2264,38401263,4366,130980.0
2265,38405628,4365,261900.0
2266,38409969,4341,260460.0
2267,38414261,4292,257520.0
2268,38418461,4200,252000.0
2270,38422707,4246,127380.0
2271,38427081,4374,262440.0
2272,38431443,4362,261720.0
2273,38435837,4394,263640.0
2275,38440181,4344,130320.0
2276,38444533,4352,261120.0
2277,38448898,4365,261900.0
2278,38453147,4249,254940.0
2279,38457501,4354,261240.0
2281,38461679,4178,125340.0
2282,38466026,4347,260820.0
2283,38470375,4349,260940.0
2284,38474538,4163,249780.0
2285,38478840,4302,258120.0
2287,38483227,4387,131610.0
2288,38487573,4346,260760.0
2289,38491943,4370,262200.0
2290,38496255,4312,258720.0
2292,38500636,4381,131430.0
2293,38504952,4316,258960.0
2294,38509405,4453,267180.0
2295,38513778,4373,262380.0
2296,38518137,4359,261540.0
2298,38522492,4355,130650.0
2299,38526844,4352,261120.0
2300,38530979,4135,248100.0
2301,38535251,4272,256320.0
2302,38539550,4299,257940.0
2304,38543874,4324,129720.0
2305,38548240,4366,261960.0
2306,38552607,4367,262020.0
2307,38557002,4395,263700.0
2308,38561417,4415,264900.0
2310,38565888,4471,134130.0
2311,38570346,4458,267480.0
2312,38574604,4258,255480.0
2313,38578884,4280,256800.0
2314,38583422,4538,272280.0
2316,38587848,4426,132780.0
2317,38592260,4412,264720.0
2318,38596729,4469,268140.0
2319,38601168,4439,266340.0
2321,38605472,4304,129120.0
2322,38609910,4438,266280.0
2323,38614351,4441,266460.0
2324,38618805,4454,267240.0
2325,38623239,4434,266040.0
2327,38627684,4445,133350.0
2328,38632084,4400,264000.0
2329,38636556,4472,268320.0
2330,38640909,4353,261180.0
2331,38645315,4406,264360.0
2333,38649668,4353,130590.0
2334,38653988,4320,259200.0
2335,38658386,4398,263880.0
2336,38662771,4385,263100.0
2337,38667176,4405,264300.0
2339,38671562,4386,131580.0
2340,38676002,4440,266400.0
2341,38680381,4379,262740.0
2342,38684691,4310,258600.0
2343,38689032,4341,260460.0
2345,38693445,4413,132390.0
2346,38697764,4319,259140.0
2347,38702096,4332,259920.0
2348,38706247,4151,249060.0
2350,38710408,4161,124830.0
2351,38714709,4301,258060.0
2352,38718766,4057,243420.0
2353,38722972,4206,252360.0
2355,38727136,4164,124920.0
2356,38731193,4057,243420.0
2357,38735442,4249,254940.0
2358,38739838,4396,263760.0
2360,38744025,4187,125610.0
2361,38748415,4390,263400.0
2362,38752802,4387,263220.0
2363,38757405,4603,276180.0
2365,38761961,4556,136680.0
2366,38766488,4527,271620.0
2367,38771019,4531,271860.0
2368,38775641,4622,277320.0
2370,38780374,4733,141990.0
2371,38784906,4532,271920.0
2372,38789611,4705,282300.0
2373,38794303,4692,281520.0
2375,38798451,4148,124440.0
2376,38802894,4443,266580.0
2377,38807390,4496,269760.0
2378,38811756,4366,261960.0
2380,38816243,4487,134610.0
2381,38820717,4474,268440.0
2382,38825250,4533,271980.0
2383,38829765,4515,270900.0
2385,38834207,4442,133260.0
2386,38838627,4420,265200.0
2387,38843117,4490,269400.0
2389,38847554,4437,133110.0
2390,38851890,4336,260160.0
2391,38856369,4479,268740.0
2392,38860894,4525,271500.0
2394,38865359,4465,133950.0
2395,38869619,4260,255600.0
2396,38873782,4163,249780.0
2397,38877793,4011,240660.0
2399,38881614,3821,114630.0
2400,38885165,3551,213060.0
2401,38888633,3468,208080.0
2402,38892255,3622,217320.0
2403,38895491,3236,194160.0
2404,38898519,3028,181680.0
2405,38901809,3290,197400.0
2406,38905169,3360,201600.0
2408,38908489,3320,99600.0
2409,38911850,3361,201660.0
2410,38915233,3383,202980.0
2411,38918685,3452,207120.0
2412,38922133,3448,206880.0
2413,38925560,3427,205620.0
2414,38929018,3458,207480.0
2415,38932406,3388,203280.0
2416,38935777,3371,202260.0
2418,38939224,3447,103410.0
2419,38942577,3353,201180.0
2420,38946049,3472,208320.0
2421,38949446,3397,203820.0
2422,38952774,3328,199680.0
2423,38956220,3446,206760.0
2424,38959679,3459,207540.0
2425,38963159,3480,208800.0
2426,38966653,3494,209640.0
2428,38970171,3518,105540.0
2429,38973593,3422,205320.0
2430,38977011,3418,205080.0
2431,38980433,3422,205320.0
2432,38983892,3459,207540.0
2433,38987374,3482,208920.0
2434,38991059,3685,221100.0
2435,38994672,3613,216780.0
2436,38998383,3711,222660.0
2438,39001994,3611,108330.0
2439,39005722,3728,223680.0
2440,39009406,3684,221040.0
2441,39013078,3672,220320.0
2442,39016776,3698,221880.0
2443,39020473,3697,221820.0
2444,39024188,3715,222900.0
2445,39027853,3665,219900.0
2446,39031553,3700,222000.0
2448,39035250,3697,110910.0
2449,39038824,3574,214440.0
2450,39042446,3622,217320.0
2451,39046119,3673,220380.0
2452,39049859,3740,224400.0
2453,39053533,3674,220440.0
2454,39057136,3603,216180.0
2455,39060764,3628,217680.0
2457,39064463,3699,110970.0
2458,39068201,3738,224280.0
2459,39072022,3821,229260.0
2460,39075854,3832,229920.0
2461,39079617,3763,225780.0
2462,39083449,3832,229920.0
2463,39087233,3784,227040.0
2464,39090953,3720,223200.0
2465,39094714,3761,225660.0
2467,39098393,3679,110370.0
2468,39102220,3827,229620.0
2469,39106044,3824,229440.0
2470,39109833,3789,227340.0
2471,39113561,3728,223680.0
2472,39117343,3782,226920.0
2473,39121086,3743,224580.0
2474,39124938,3852,231120.0
2475,39128717,3779,226740.0
2477,39132507,3790,113700.0
2478,39136259,3752,225120.0
2479,39140036,3777,226620.0
2480,39143721,3685,221100.0
2481,39147542,3821,229260.0
2482,39151338,3796,227760.0
2483,39155221,3883,232980.0
2484,39159266,4045,242700.0
2485,39163186,3920,235200.0
2487,39167045,3859,115770.0
2488,39170977,3932,235920.0
2489,39174990,4013,240780.0
2490,39178878,3888,233280.0
2491,39182840,3962,237720.0
2492,39186853,4013,240780.0
2493,39190843,3990,239400.0
2494,39194809,3966,237960.0
2495,39198784,3975,238500.0
2497,39202702,3918,117540.0
2498,39206668,3966,237960.0
2499,39210611,3943,236580.0
2500,39214634,4023,241380.0
2501,39218595,3961,237660.0
2502,39222623,4028,241680.0
2503,39226583,3960,237600.0
2504,39230553,3970,238200.0
2505,39234475,3922,235320.0
2506,39238431,3956,237360.0
2508,39242410,3979,119370.0
2509,39246306,3896,233760.0
2510,39250302,3996,239760.0
2511,39254231,3929,235740.0
2512,39258156,3925,235500.0
2513,39262062,3906,234360.0
2514,39266020,3958,237480.0
2515,39269971,3951,237060.0
2516,39273834,3863,231780.0
2518,39277693,3859,115770.0
2519,39281610,3917,235020.0
2520,39285621,4011,240660.0
2521,39289584,3963,237780.0
2522,39293433,3849,230940.0
2523,39297285,3852,231120.0
2524,39301238,3953,237180.0
2525,39305270,4032,241920.0
2526,39309275,4005,240300.0
2528,39313368,4093,122790.0
2529,39317386,4018,241080.0
2530,39321443,4057,243420.0
2531,39325499,4056,243360.0
2532,39329513,4014,240840.0
2533,39333559,4046,242760.0
2534,39337609,4050,243000.0
2535,39341661,4052,243120.0
2536,39345639,3978,238680.0
2538,39349686,4047,121410.0
2539,39353674,3988,239280.0
2540,39357687,4013,240780.0
2541,39361800,4113,246780.0
2542,39365818,4018,241080.0
2543,39369899,4081,244860.0
2544,39373883,3984,239040.0
2545,39377903,4020,241200.0
2546,39381893,3990,239400.0
2548,39385948,4055,121650.0
2549,39389973,4025,241500.0
2550,39394019,4046,242760.0
2551,39398164,4145,248700.0
2552,39402220,4056,243360.0
2553,39406244,4024,241440.0
2554,39410342,4098,245880.0
2555,39414448,4106,246360.0
2556,39418510,4062,243720.0
2557,39422640,4130,247800.0
2559,39426738,4098,122940.0
2560,39430861,4123,247380.0
2561,39434891,4030,241800.0
2562,39439031,4140,248400.0
2563,39443087,4056,243360.0
2564,39447183,4096,245760.0
2565,39451290,4107,246420.0
2566,39455367,4077,244620.0
2567,39459348,3981,238860.0
2569,39463369,4021,120630.0
2570,39467433,4064,243840.0
2571,39471567,4134,248040.0
2572,39475584,4017,241020.0
2573,39479673,4089,245340.0
2574,39483676,4003,240180.0
2575,39487717,4041,242460.0
2576,39491786,4069,244140.0
2577,39495773,3987,239220.0
2579,39499830,4057,121710.0
2580,39503845,4015,240900.0
2581,39507888,4043,242580.0
2582,39511970,4082,244920.0
2583,39515927,3957,237420.0
2584,39519874,3947,236820.0
2585,39523866,3992,239520.0
2586,39527857,3991,239460.0
2587,39531817,3960,237600.0
2589,39535839,4022,120660.0
2590,39539922,4083,244980.0
2591,39543893,3971,238260.0
2592,39547879,3986,239160.0
2593,39551969,4090,245400.0
2594,39556036,4067,244020.0
2595,39560085,4049,242940.0
2596,39564108,4023,241380.0
2597,39568175,4067,244020.0
2599,39572246,4071,122130.0
2600,39576169,3923,235380.0
2601,39580191,4022,241320.0
2602,39584285,4094,245640.0
2603,39588371,4086,245160.0
2604,39592464,4093,245580.0
2605,39596391,3927,235620.0
2606,39600359,3968,238080.0
2607,39604381,4022,241320.0
2608,39608452,4071,244260.0
2610,39612443,3991,119730.0
2611,39616430,3987,239220.0
2612,39620453,4023,241380.0
2613,39624503,4050,243000.0
2614,39628474,3971,238260.0
2615,39632532,4058,243480.0
2616,39636530,3998,239880.0
2617,39640526,3996,239760.0
2618,39644606,4080,244800.0
2620,39648640,4034,121020.0
2621,39652588,3948,236880.0
2622,39656582,3994,239640.0
2623,39660642,4060,243600.0
2624,39664698,4056,243360.0
2625,39668721,4023,241380.0
2626,39672658,3937,236220.0
2627,39676794,4136,248160.0
2628,39680750,3956,237360.0
2630,39684833,4083,122490.0
2631,39688874,4041,242460.0
2632,39692832,3958,237480.0
2633,39696808,3976,238560.0
2634,39700907,4099,245940.0
2635,39704885,3978,238680.0
2636,39708904,4019,241140.0
2637,39712881,3977,238620.0
2638,39716809,3928,235680.0
2640,39720821,4012,120360.0
2641,39724822,4001,240060.0
2642,39728548,3726,223560.0
2643,39732087,3539,212340.0
2644,39735574,3487,209220.0
2645,39739033,3459,207540.0
2646,39742543,3510,210600.0
2648,39746036,3493,104790.0
2649,39749600,3564,213840.0
2650,39753225,3625,217500.0
2651,39756702,3477,208620.0
2652,39760366,3664,219840.0
2653,39764132,3766,225960.0
2655,39767760,3628,108840.0
2656,39771415,3655,219300.0
2657,39775134,3719,223140.0
2658,39778833,3699,221940.0
2659,39782510,3677,220620.0
2660,39786229,3719,223140.0
2662,39789863,3634,109020.0
2663,39793517,3654,219240.0
2664,39797195,3678,220680.0
2665,39800858,3663,219780.0
2666,39804427,3569,214140.0
2667,39808084,3657,219420.0
2669,39811818,3734,112020.0
2670,39815540,3722,223320.0
2671,39819037,3497,209820.0
2672,39822363,3326,199560.0
2673,39825911,3548,212880.0
2674,39829509,3598,215880.0
2676,39833201,3692,110760.0
2677,39836904,3703,222180.0
2678,39840632,3728,223680.0
2679,39844262,3630,217800.0
2680,39847921,3659,219540.0
2681,39851599,3678,220680.0
2682,39855285,3686,221160.0
2684,39858935,3650,109500.0
2685,39862562,3627,217620.0
2686,39866160,3598,215880.0
2687,39869940,3780,226800.0
2688,39873684,3744,224640.0
2689,39877390,3706,222360.0
2691,39881072,3682,110460.0
2692,39884393,3321,199260.0
2693,39887734,3341,200460.0
2694,39891099,3365,201900.0
2695,39894501,3402,204120.0
2697,39897877,3376,101280.0
2698,39900977,3100,186000.0
2699,39904223,3246,194760.0
2700,39907357,3134,188040.0
2701,39910633,3276,196560.0
2702,39913759,3126,187560.0
2704,39916906,3147,94410.0
2705,39920106,3200,192000.0
2706,39923379,3273,196380.0
2707,39926617,3238,194280.0
2708,39929831,3214,192840.0
2710,39933054,3223,96690.0
2711,39936338,3284,197040.0
2712,39939553,3215,192900.0
2713,39942729,3176,190560.0
2714,39946128,3399,203940.0
2715,39949430,3302,198120.0
2717,39952818,3388,101640.0
2718,39956125,3307,198420.0
2719,39959434,3309,198540.0
2720,39962726,3292,197520.0
2721,39966048,3322,199320.0
2723,39969257,3209,96270.0
2724,39972524,3267,196020.0
2725,39975739,3215,192900.0
2726,39978945,3206,192360.0
2727,39982148,3203,192180.0
2729,39985481,3333,99990.0
2730,39988762,3281,196860.0
2731,39991818,3056,183360.0
2732,39995055,3237,194220.0
2733,39998330,3275,196500.0
2735,40001570,3240,97200.0
2736,40004880,3310,198600.0
2737,40008137,3257,195420.0
2738,40011483,3346,200760.0
2739,40014547,3064,183840.0
2741,40017842,3295,98850.0
2742,40021193,3351,201060.0
2743,40024487,3294,197640.0
2744,40027758,3271,196260.0
2745,40031061,3303,198180.0
2746,40034329,3268,196080.0
2748,40037620,3291,98730.0
2749,40040887,3267,196020.0
2750,40044252,3365,201900.0
2751,40047614,3362,201720.0
2752,40050965,3351,201060.0
2754,40054260,3295,98850.0
2755,40057486,3226,193560.0
2756,40060832,3346,200760.0
2757,40064140,3308,198480.0
2758,40067462,3322,199320.0
2760,40070795,3333,99990.0
2761,40074051,3256,195360.0
2762,40077341,3290,197400.0
2763,40080548,3207,192420.0
2764,40083719,3171,190260.0
2766,40087018,3299,98970.0
2767,40090380,3362,201720.0
2768,40093675,3295,197700.0
2769,40097049,3374,202440.0
2770,40100402,3353,201180.0
2771,40103696,3294,197640.0
2773,40106946,3250,97500.0
2774,40110224,3278,196680.0
2775,40113525,3301,198060.0
2776,40116733,3208,192480.0
2777,40120077,3344,200640.0
2779,40123345,3268,98040.0
2780,40126641,3296,197760.0
2781,40129949,3308,198480.0
2782,40133274,3325,199500.0
2783,40136635,3361,201660.0
2785,40139949,3314,99420.0
2786,40143341,3392,203520.0
2787,40146670,3329,199740.0
2788,40149880,3210,192600.0
2789,40153056,3176,190560.0
2790,40156236,3180,190800.0
2791,40159461,3225,193500.0
2793,40162838,3377,101310.0
2794,40166204,3366,201960.0
2795,40169472,3268,196080.0
2796,40172908,3436,206160.0
2797,40176424,3516,210960.0
2798,40179975,3551,213060.0
2799,40183583,3608,216480.0
2801,40187198,3615,108450.0
2802,40190834,3636,218160.0
2803,40194241,3407,204420.0
2804,40197904,3663,219780.0
2805,40201467,3563,213780.0
2806,40205167,3700,222000.0
2807,40208914,3747,224820.0
2809,40212677,3763,112890.0
2810,40216426,3749,224940.0
2811,40220134,3708,222480.0
2812,40223872,3738,224280.0
2813,40227606,3734,224040.0
2814,40231344,3738,224280.0
2815,40235024,3680,220800.0
2817,40238741,3717,111510.0
2818,40242436,3695,221700.0
2819,40246131,3695,221700.0
2820,40249840,3709,222540.0
2821,40253501,3661,219660.0
2822,40257196,3695,221700.0
2823,40260942,3746,224760.0
2824,40264715,3773,226380.0
2826,40268639,3924,117720.0
2827,40272439,3800,228000.0
2828,40276412,3973,238380.0
2829,40280271,3859,231540.0
2830,40284128,3857,231420.0
2831,40288057,3929,235740.0
2832,40291807,3750,225000.0
2834,40295638,3831,114930.0
2835,40299414,3776,226560.0
2836,40303311,3897,233820.0
2837,40307253,3942,236520.0
2838,40311186,3933,235980.0
2839,40315070,3884,233040.0
2840,40319154,4084,245040.0
2842,40323171,4017,120510.0
2843,40327230,4059,243540.0
2844,40331018,3788,227280.0
2845,40333240,2222,133320.0
2846,40335810,2570,154200.0
2847,40338621,2811,168660.0
2848,40341555,2934,176040.0
2849,40344516,2961,177660.0
2851,40347601,3085,92550.0
2852,40350679,3078,184680.0
2853,40353830,3151,189060.0
2854,40356907,3077,184620.0
2855,40360165,3258,195480.0
2856,40363380,3215,192900.0
2857,40366631,3251,195060.0
2858,40369887,3256,195360.0
2859,40373227,3340,200400.0
2861,40376512,3285,98550.0
2862,40379841,3329,199740.0
2863,40383163,3322,199320.0
2864,40386569,3406,204360.0
2865,40389933,3364,201840.0
2866,40393367,3434,206040.0
2867,40396741,3374,202440.0
2868,40400099,3358,201480.0
2870,40403548,3449,103470.0
2871,40407065,3517,211020.0
2872,40410523,3458,207480.0
2873,40413993,3470,208200.0
2874,40417438,3445,206700.0
2875,40420903,3465,207900.0
2876,40424372,3469,208140.0
2878,40427856,3484,104520.0
2879,40431379,3523,211380.0
2880,40434899,3520,211200.0
2881,40438400,3501,210060.0
2882,40441881,3481,208860.0
2883,40445474,3593,215580.0
2884,40449059,3585,215100.0
2885,40452682,3623,217380.0
2887,40456245,3563,106890.0
2888,40459880,3635,218100.0
2889,40463443,3563,213780.0
2890,40467085,3642,218520.0
2891,40470637,3552,213120.0
2892,40474225,3588,215280.0
2893,40477787,3562,213720.0
2894,40481411,3624,217440.0
2896,40485069,3658,109740.0
2897,40488768,3699,221940.0
2898,40492385,3617,217020.0
2899,40496079,3694,221640.0
2900,40499804,3725,223500.0
2901,40503548,3744,224640.0
2902,40507328,3780,226800.0
2903,40511034,3706,222360.0
2905,40514922,3888,116640.0
2906,40518825,3903,234180.0
2907,40522745,3920,235200.0
2908,40526696,3951,237060.0
2909,40530629,3933,235980.0
2910,40534587,3958,237480.0
2911,40538605,4018,241080.0
2912,40542595,3990,239400.0
2914,40546520,3925,117750.0
2915,40550584,4064,243840.0
2916,40554594,4010,240600.0
2917,40558598,4004,240240.0
2918,40562700,4102,246120.0
2919,40566707,4007,240420.0
2920,40570758,4051,243060.0
2922,40574769,4011,120330.0
2923,40578845,4076,244560.0
2924,40582901,4056,243360.0
2925,40586858,3957,237420.0
2926,40590831,3973,238380.0
2927,40594862,4031,241860.0
2928,40599000,4138,248280.0
2929,40603052,4052,243120.0
2931,40607251,4199,125970.0
2932,40611297,4046,242760.0
2933,40615395,4098,245880.0
2934,40619428,4033,241980.0
2935,40623579,4151,249060.0
2936,40627686,4107,246420.0
2937,40631866,4180,250800.0
2938,40636004,4138,248280.0
2940,40640100,4096,122880.0
2941,40644207,4107,246420.0
2942,40648314,4107,246420.0
2943,40652479,4165,249900.0
2944,40656640,4161,249660.0
2945,40660707,4067,244020.0
2946,40664850,4143,248580.0
2947,40669026,4176,250560.0
2949,40673094,4068,122040.0
2950,40677190,4096,245760.0
2951,40681331,4141,248460.0
2952,40685509,4178,250680.0
2953,40689664,4155,249300.0
2954,40693827,4163,249780.0
2955,40697906,4079,244740.0
2957,40702000,4094,122820.0
2958,40706086,4086,245160.0
2959,40710197,4111,246660.0
2960,40714321,4124,247440.0
2961,40718515,4194,251640.0
2962,40722700,4185,251100.0
2963,40726932,4232,253920.0
2964,40731165,4233,253980.0
2966,40735328,4163,124890.0
2967,40739546,4218,253080.0
2968,40743555,4009,240540.0
2969,40747387,3832,229920.0
2970,40751389,4002,240120.0
2971,40755269,3880,232800.0
2973,40759152,3883,116490.0
2974,40763061,3909,234540.0
2975,40766981,3920,235200.0
2976,40771127,4146,248760.0
2977,40775220,4093,245580.0
2979,40779330,4110,123300.0
2980,40783415,4085,245100.0
2981,40787615,4200,252000.0
2982,40791684,4069,244140.0
2983,40795671,3987,239220.0
2984,40799869,4198,251880.0
2986,40803952,4083,122490.0
2987,40808019,4067,244020.0
2988,40812099,4080,244800.0
2989,40816205,4106,246360.0
2990,40820347,4142,248520.0
2992,40824587,4240,127200.0
2993,40828706,4119,247140.0
2994,40832803,4097,245820.0
2995,40836700,3897,233820.0
2996,40840656,3956,237360.0
2997,40844478,3822,229320.0
2999,40848300,3822,114660.0
3000,40852242,3942,236520.0
3001,40856040,3798,227880.0
3002,40859785,3745,224700.0
3003,40863496,3711,222660.0
3005,40867223,3727,111810.0
3006,40870880,3657,219420.0
3007,40874663,3783,226980.0
3008,40878431,3768,226080.0
3009,40882202,3771,226260.0
3011,40885890,3688,110640.0
3012,40889580,3690,221400.0
3013,40893274,3694,221640.0
3014,40896772,3498,209880.0
3016,40900315,3543,106290.0
3017,40903772,3457,207420.0
3018,40907319,3547,212820.0
3019,40910888,3569,214140.0
3020,40914430,3542,212520.0
3022,40918096,3666,109980.0
3023,40921677,3581,214860.0
3024,40925238,3561,213660.0
3025,40928634,3396,203760.0
3026,40932065,3431,205860.0
3028,40935635,3570,107100.0
3029,40939322,3687,221220.0
3030,40942952,3630,217800.0
3031,40946610,3658,219480.0
3033,40950122,3512,105360.0
3034,40953761,3639,218340.0
3035,40957420,3659,219540.0
3036,40961382,3962,237720.0
3037,40965235,3853,231180.0
3039,40969041,3806,114180.0
3040,40972905,3864,231840.0
3041,40976778,3873,232380.0
3042,40980638,3860,231600.0
3043,40984493,3855,231300.0
3045,40988346,3853,115590.0
3046,40992245,3899,233940.0
3047,40996117,3872,232320.0
3048,40999934,3817,229020.0
3049,41003810,3876,232560.0
3051,41007625,3815,114450.0
3052,41011433,3808,228480.0
3053,41015329,3896,233760.0
3054,41019135,3806,228360.0
3055,41023014,3879,232740.0
3057,41026822,3808,114240.0
3058,41030655,3833,229980.0
3059,41034649,3994,239640.0
3060,41038529,3880,232800.0
3061,41042420,3891,233460.0
3063,41046312,3892,116760.0
3064,41050222,3910,234600.0
3065,41054032,3810,228600.0
3066,41057908,3876,232560.0
3068,41061774,3866,115980.0
3069,41065549,3775,226500.0
3070,41069454,3905,234300.0
3071,41073383,3929,235740.0
3072,41077138,3755,225300.0
3074,41081070,3932,117960.0
3075,41084889,3819,229140.0
3076,41088768,3879,232740.0
3077,41092572,3804,228240.0
3078,41096478,3906,234360.0
3080,41100336,3858,115740.0
3081,41104223,3887,233220.0
3082,41108099,3876,232560.0
3083,41112029,3930,235800.0
3085,41115791,3762,112860.0
3086,41119370,3579,214740.0
3087,41123285,3915,234900.0
3088,41127165,3880,232800.0
3089,41130972,3807,228420.0
3091,41134820,3848,115440.0
3092,41138709,3889,233340.0
3093,41142599,3890,233400.0
3094,41146420,3821,229260.0
3095,41150436,4016,240960.0
3097,41154320,3884,116520.0
3098,41158182,3862,231720.0
3099,41162147,3965,237900.0
3100,41166072,3925,235500.0
3101,41169981,3909,234540.0
3103,41173921,3940,118200.0
3104,41177823,3902,234120.0
3105,41181810,3987,239220.0
3106,41185720,3910,234600.0
3107,41189669,3949,236940.0
3109,41193668,3999,119970.0
3110,41197624,3956,237360.0
3111,41201661,4037,242220.0
3112,41205507,3846,230760.0
3113,41209451,3944,236640.0
3115,41213455,4004,120120.0
3116,41217462,4007,240420.0
3117,41221629,4167,250020.0
3118,41225773,4144,248640.0
3119,41229748,3975,238500.0
3121,41233848,4100,123000.0
3122,41237927,4079,244740.0
3123,41242082,4155,249300.0
3124,41246300,4218,253080.0
3126,41250484,4184,125520.0
3127,41254693,4209,252540.0
3128,41258868,4175,250500.0
3129,41262925,4057,243420.0
3130,41267065,4140,248400.0
3132,41271160,4095,122850.0
3133,41275197,4037,242220.0
3134,41279256,4059,243540.0
3135,41283281,4025,241500.0
3136,41287322,4041,242460.0
3137,41291383,4061,243660.0
3139,41295493,4110,123300.0
3140,41299537,4044,242640.0
3141,41303678,4141,248460.0
3142,41307806,4128,247680.0
3143,41311950,4144,248640.0
3144,41315956,4006,240360.0
3146,41320063,4107,123210.0
3147,41324149,4086,245160.0
3148,41328223,4074,244440.0
3149,41332372,4149,248940.0
3150,41336420,4048,242880.0
3151,41340564,4144,248640.0
3153,41344620,4056,121680.0
3154,41348719,4099,245940.0
3155,41352818,4099,245940.0
3156,41356956,4138,248280.0
3157,41361130,4174,250440.0
3158,41365322,4192,251520.0
3160,41369513,4191,125730.0
3161,41373612,4099,245940.0
3162,41377822,4210,252600.0
3163,41382033,4211,252660.0
3164,41386219,4186,251160.0
3165,41390398,4179,250740.0
3167,41394671,4273,128190.0
3168,41398867,4196,251760.0
3169,41402963,4096,245760.0
3170,41407150,4187,251220.0
3171,41411301,4151,249060.0
3172,41415476,4175,250500.0
3174,41419630,4154,124620.0
3175,41423748,4118,247080.0
3176,41427917,4169,250140.0
3177,41432159,4242,254520.0
3178,41436354,4195,251700.0
3179,41440576,4222,253320.0
3181,41444745,4169,125070.0
3182,41448910,4165,249900.0
3183,41453118,4208,252480.0
3184,41457291,4173,250380.0
3185,41461563,4272,256320.0
3186,41465699,4136,248160.0
3188,41469933,4234,127020.0
3189,41474145,4212,252720.0
3190,41478287,4142,248520.0
3191,41482496,4209,252540.0
3192,41486614,4118,247080.0
3193,41490826,4212,252720.0
3195,41495057,4231,126930.0
3196,41499190,4133,247980.0
3197,41503368,4178,250680.0
3198,41507501,4133,247980.0
3199,41511718,4217,253020.0
3200,41515874,4156,249360.0
3202,41519876,4002,120060.0
3203,41523961,4085,245100.0
3204,41528115,4154,249240.0
3205,41532290,4175,250500.0
3206,41536470,4180,250800.0
3207,41540609,4139,248340.0
3209,41544820,4211,126330.0
3210,41548980,4160,249600.0
3211,41553166,4186,251160.0
3212,41557334,4168,250080.0
3213,41561499,4165,249900.0
3215,41565667,4168,125040.0
3216,41569851,4184,251040.0
3217,41574030,4179,250740.0
3218,41578228,4198,251880.0
3219,41582458,4230,253800.0
3220,41586621,4163,249780.0
3222,41590803,4182,125460.0
3223,41594999,4196,251760.0
3224,41599155,4156,249360.0
3225,41603428,4273,256380.0
3226,41607731,4303,258180.0
3227,41611853,4122,247320.0
3229,41616021,4168,125040.0
3230,41620152,4131,247860.0
3231,41624374,4222,253320.0
3232,41628566,4192,251520.0
3233,41632796,4230,253800.0
3234,41636999,4203,252180.0
3236,41641145,4146,124380.0
3237,41645327,4182,250920.0
3238,41649582,4255,255300.0
3239,41653720,4138,248280.0
3240,41657899,4179,250740.0
3241,41662100,4201,252060.0
3243,41666438,4338,130140.0
3244,41670619,4181,250860.0
3245,41674706,4087,245220.0
3246,41678817,4111,246660.0
3247,41682873,4056,243360.0
3248,41686943,4070,244200.0
3250,41690868,3925,117750.0
3251,41694937,4069,244140.0
3252,41699106,4169,250140.0
3253,41703162,4056,243360.0
3255,41706913,3751,112530.0
3256,41710849,3936,236160.0
3257,41714863,4014,240840.0
3258,41718882,4019,241140.0
3259,41722850,3968,238080.0
3261,41726809,3959,118770.0
3262,41730809,4000,240000.0
3263,41734692,3883,232980.0
3264,41738826,4134,248040.0
3266,41742824,3998,119940.0
3267,41746773,3949,236940.0
3268,41750853,4080,244800.0
3269,41754890,4037,242220.0
3271,41758909,4019,120570.0
3272,41762810,3901,234060.0
3273,41766691,3881,232860.0
3274,41770732,4041,242460.0
3276,41774464,3732,111960.0
3277,41778552,4088,245280.0
3278,41782744,4192,251520.0
3279,41787017,4273,256380.0
3280,41791219,4202,252120.0
3282,41795409,4190,125700.0
3283,41799614,4205,252300.0
3284,41803799,4185,251100.0
3285,41807958,4159,249540.0
3287,41812111,4153,124590.0
3288,41816411,4300,258000.0
3289,41820732,4321,259260.0
3290,41824962,4230,253800.0
3291,41829361,4399,263940.0
3293,41833626,4265,127950.0
3294,41837990,4364,261840.0
3295,41841744,3754,225240.0
3296,41845644,3900,234000.0
3298,41849584,3940,118200.0
3299,41853552,3968,238080.0
3300,41857493,3941,236460.0
3301,41861569,4076,244560.0
3302,41865604,4035,242100.0
3304,41869735,4131,123930.0
3305,41873739,4004,240240.0
3306,41877874,4135,248100.0
3307,41881944,4070,244200.0
3309,41886073,4129,123870.0
3310,41890139,4066,243960.0
3311,41894191,4052,243120.0
3312,41898327,4136,248160.0
3314,41902470,4143,124290.0
3315,41906405,3935,236100.0
3316,41910451,4046,242760.0
3317,41914395,3944,236640.0
3319,41918430,4035,121050.0
3320,41922390,3960,237600.0
3321,41926435,4045,242700.0
3322,41930479,4044,242640.0
3323,41934497,4018,241080.0
3325,41938579,4082,122460.0
3326,41942699,4120,247200.0
3327,41946753,4054,243240.0
3328,41950876,4123,247380.0
3330,41954967,4091,122730.0
3331,41959105,4138,248280.0
3332,41963211,4106,246360.0
3333,41967215,4004,240240.0
3335,41971256,4041,121230.0
3336,41975298,4042,242520.0
3337,41979383,4085,245100.0
3338,41983385,4002,240120.0
3339,41987435,4050,243000.0
3341,41991583,4148,124440.0
3342,41995679,4096,245760.0
3343,41999725,4046,242760.0
3344,42003830,4105,246300.0
3346,42007866,4036,121080.0
3347,42011887,4021,241260.0
3348,42016004,4117,247020.0
3349,42020159,4155,249300.0
3351,42024126,3967,119010.0
3352,42028176,4050,243000.0
3353,42032209,4033,241980.0
3354,42036193,3984,239040.0
3355,42040235,4042,242520.0
3357,42044403,4168,125040.0
3358,42048409,4006,240360.0
3359,42052338,3929,235740.0
3360,42056394,4056,243360.0
3362,42060391,3997,119910.0
3363,42064379,3988,239280.0
3364,42068439,4060,243600.0
3365,42072428,3989,239340.0
3367,42076527,4099,122970.0
3368,42080621,4094,245640.0
3369,42084617,3996,239760.0
3370,42088750,4133,247980.0
3371,42092780,4030,241800.0
3373,42096925,4145,124350.0
3374,42101129,4204,252240.0
3375,42105326,4197,251820.0
3376,42109529,4203,252180.0
3378,42113538,4009,120270.0
3379,42117742,4204,252240.0
3380,42122033,4291,257460.0
3381,42126338,4305,258300.0
3382,42130746,4408,264480.0
3384,42135220,4474,134220.0
3385,42139620,4400,264000.0
3386,42144018,4398,263880.0
3387,42148363,4345,260700.0
3389,42152738,4375,131250.0
3390,42157175,4437,266220.0
3391,42161505,4330,259800.0
3392,42165869,4364,261840.0
3393,42170092,4223,253380.0
3395,42174515,4423,132690.0
3396,42178830,4315,258900.0
3397,42183256,4426,265560.0
3398,42187566,4310,258600.0
3400,42191904,4338,130140.0
3401,42196317,4413,264780.0
3402,42200604,4287,257220.0
3403,42204994,4390,263400.0
3404,42209382,4388,263280.0
3406,42213777,4395,131850.0
3407,42218114,4337,260220.0
3408,42222501,4387,263220.0
3409,42226779,4278,256680.0
3411,42231150,4371,131130.0
3412,42235494,4344,260640.0
3413,42239766,4272,256320.0
3414,42244180,4414,264840.0
3415,42248510,4330,259800.0
3417,42252772,4262,127860.0
3418,42257357,4585,275100.0
3419,42261684,4327,259620.0
3420,42266078,4394,263640.0
3421,42270422,4344,260640.0
3423,42274822,4400,132000.0
3424,42279067,4245,254700.0
3425,42283431,4364,261840.0
3426,42287860,4429,265740.0
3428,42292232,4372,131160.0
3429,42296602,4370,262200.0
3430,42301045,4443,266580.0
3431,42305462,4417,265020.0
3433,42309886,4424,132720.0
3434,42314307,4421,265260.0
3435,42318660,4353,261180.0
3436,42323025,4365,261900.0
3437,42327278,4253,255180.0
3439,42331649,4371,131130.0
3440,42336069,4420,265200.0
3441,42340407,4338,260280.0
3442,42344760,4353,261180.0
3444,42349165,4405,132150.0
3445,42353528,4363,261780.0
3446,42357825,4297,257820.0
3447,42362126,4301,258060.0
3448,42366344,4218,253080.0
3450,42370639,4295,128850.0
3451,42374963,4324,259440.0
3452,42379353,4390,263400.0
3453,42383608,4255,255300.0
3455,42387946,4338,130140.0
3456,42392324,4378,262680.0
3457,42396794,4470,268200.0
3458,42401089,4295,257700.0
3459,42405354,4265,255900.0
3461,42409657,4303,129090.0
3462,42414012,4355,261300.0
3463,42418328,4316,258960.0
3464,42422614,4286,257160.0
3466,42426915,4301,129030.0
3467,42431271,4356,261360.0
3468,42435665,4394,263640.0
3469,42439954,4289,257340.0
3470,42444294,4340,260400.0
3472,42448627,4333,129990.0
3473,42452956,4329,259740.0
3474,42457303,4347,260820.0
3475,42461606,4303,258180.0
3476,42465989,4383,262980.0
3478,42470423,4434,133020.0
3479,42474724,4301,258060.0
3480,42479014,4290,257400.0
3481,42483400,4386,263160.0
3483,42487683,4283,128490.0
3484,42491750,4067,244020.0
3485,42495936,4186,251160.0
3486,42500104,4168,250080.0
3488,42504277,4173,125190.0
3489,42508370,4093,245580.0
3490,42512502,4132,247920.0
3491,42516624,4122,247320.0
3492,42520643,4019,241140.0
3494,42524604,3961,118830.0
3495,42528547,3943,236580.0
3496,42532403,3856,231360.0
3498,42536243,3840,115200.0
3499,42540143,3900,234000.0
3500,42543993,3850,231000.0
3501,42547734,3741,224460.0
3503,42551728,3994,119820.0
3504,42555662,3934,236040.0
3505,42559610,3948,236880.0
3506,42563499,3889,233340.0
3508,42567477,3978,119340.0
3509,42571479,4002,240120.0
3510,42575400,3921,235260.0
3512,42579380,3980,119400.0
3513,42583470,4090,245400.0
3514,42587371,3901,234060.0
3515,42591394,4023,241380.0
3517,42595458,4064,121920.0
3518,42599428,3970,238200.0
3519,42602869,3441,206460.0
3521,42606887,4018,120540.0
3522,42610563,3676,220560.0
3523,42614265,3702,222120.0
3524,42617969,3704,222240.0
3526,42621672,3703,111090.0
3527,42625375,3703,222180.0
3528,42628999,3624,217440.0
3529,42632489,3490,209400.0
3531,42636186,3697,110910.0
3532,42639830,3644,218640.0
3533,42643485,3655,219300.0
3534,42647063,3578,214680.0
3536,42650837,3774,113220.0
3537,42654441,3604,216240.0
3538,42658123,3682,220920.0
3540,42661579,3456,103680.0
3541,42664993,3414,204840.0
3542,42668491,3498,209880.0
3543,42672126,3635,218100.0
3545,42675431,3305,99150.0
3546,42678735,3304,198240.0
3547,42682572,3837,230220.0
3548,42686385,3813,228780.0
3550,42690304,3919,117570.0
3551,42694325,4021,241260.0
3552,42698364,4039,242340.0
3553,42702234,3870,232200.0
3555,42706249,4015,120450.0
3556,42710225,3976,238560.0
3557,42714255,4030,241800.0
3558,42718246,3991,239460.0
3560,42722281,4035,121050.0
3561,42726258,3977,238620.0
3562,42730222,3964,237840.0
3563,42734368,4146,248760.0
3565,42738439,4071,122130.0
3566,42742475,4036,242160.0
3567,42746513,4038,242280.0
3568,42750611,4098,245880.0
3569,42754824,4213,252780.0
3571,42759063,4239,127170.0
3572,42763206,4143,248580.0
3573,42767400,4194,251640.0
3574,42771596,4196,251760.0
3576,42775883,4287,128610.0
3577,42780201,4318,259080.0
3578,42784783,4582,274920.0
3579,42789246,4463,267780.0
3581,42793602,4356,130680.0
3582,42797217,3615,216900.0
3583,42800955,3738,224280.0
3584,42804730,3775,226500.0
3586,42808679,3949,118470.0
3587,42812566,3887,233220.0
3588,42816497,3931,235860.0
3589,42820485,3988,239280.0
3590,42824400,3915,234900.0
3592,42828400,4000,120000.0
3593,42832364,3964,237840.0
3594,42836405,4041,242460.0
3595,42840450,4045,242700.0
3597,42844512,4062,121860.0
3598,42848181,3669,220140.0
3599,42852035,3854,231240.0
3600,42855667,3632,217920.0
3602,42859357,3690,110700.0
3603,42863070,3713,222780.0
3604,42866852,3782,226920.0
3606,42870559,3707,111210.0
3607,42874302,3743,224580.0
3608,42878014,3712,222720.0
3609,42881684,3670,220200.0
3611,42885446,3762,112860.0
3612,42889275,3829,229740.0
3613,42893015,3740,224400.0
3614,42896819,3804,228240.0
3616,42900640,3821,114630.0
3617,42904124,3484,209040.0
3618,42907881,3757,225420.0
3619,42911633,3752,225120.0
3620,42915399,3766,225960.0
3622,42919213,3814,114420.0
3623,42923180,3967,238020.0
3624,42926917,3737,224220.0
3625,42930758,3841,230460.0
3627,42934681,3923,117690.0
3628,42938589,3908,234480.0
3629,42942396,3807,228420.0
3630,42946368,3972,238320.0
3632,42950196,3828,114840.0
3633,42954017,3821,229260.0
3634,42957932,3915,234900.0
3635,42961734,3802,228120.0
3637,42965730,3996,119880.0
3638,42969745,4015,240900.0
3639,42973913,4168,250080.0
3640,42977978,4065,243900.0
3642,42981964,3986,119580.0
3643,42986084,4120,247200.0
3644,42990188,4104,246240.0
3645,42994241,4053,243180.0
3647,42998317,4076,122280.0
3648,43002431,4114,246840.0
3649,43006515,4084,245040.0
3650,43010653,4138,248280.0
3652,43014700,4047,121410.0
3653,43018884,4184,251040.0
3654,43023071,4187,251220.0
3655,43027164,4093,245580.0
3657,43031399,4235,127050.0
3658,43035532,4133,247980.0
3659,43039750,4218,253080.0
3660,43043935,4185,251100.0
3662,43048142,4207,126210.0
3663,43052248,4106,246360.0
3664,43056509,4261,255660.0
3665,43060803,4294,257640.0
3667,43064833,4030,120900.0
3668,43068891,4058,243480.0
3669,43072951,4060,243600.0
3670,43077048,4097,245820.0
3671,43081237,4189,251340.0
3673,43085403,4166,124980.0
3674,43089515,4112,246720.0
3675,43093655,4140,248400.0
3676,43097650,3995,239700.0
3678,43101694,4044,121320.0
3679,43105910,4216,252960.0
3680,43110053,4143,248580.0
3681,43114254,4201,252060.0
3683,43118411,4157,124710.0
3684,43122550,4139,248340.0
3685,43126653,4103,246180.0
3686,43130723,4070,244200.0
3688,43134835,4112,123360.0
3689,43139035,4200,252000.0
3690,43143254,4219,253140.0
3691,43147375,4121,247260.0
3693,43151535,4160,124800.0
3694,43155765,4230,253800.0
3695,43159854,4089,245340.0
3696,43164031,4177,250620.0
3698,43168155,4124,123720.0
3699,43172288,4133,247980.0
3700,43176518,4230,253800.0
3701,43180750,4232,253920.0
3703,43184931,4181,125430.0
3704,43189035,4104,246240.0
3705,43193222,4187,251220.0
3706,43197492,4270,256200.0
3707,43201546,4054,243240.0
3709,43205663,4117,123510.0
3710,43209789,4126,247560.0
3711,43214033,4244,254640.0
3712,43218199,4166,249960.0
3714,43222284,4085,122550.0
3715,43226391,4107,246420.0
3716,43230711,4320,259200.0
3717,43234901,4190,251400.0
3719,43239149,4248,127440.0
3720,43243394,4245,254700.0
3721,43247702,4308,258480.0
3722,43251887,4185,251100.0
3724,43256064,4177,125310.0
3725,43260264,4200,252000.0
3726,43264449,4185,251100.0
3727,43268531,4082,244920.0
3728,43272635,4104,246240.0
3730,43276828,4193,125790.0
3731,43281003,4175,250500.0
3732,43285266,4263,255780.0
3733,43289441,4175,250500.0
3735,43293639,4198,125940.0
3736,43297916,4277,256620.0
3737,43302096,4180,250800.0
3738,43306243,4147,248820.0
3740,43310433,4190,125700.0
3741,43314631,4198,251880.0
3742,43318904,4273,256380.0
3743,43323103,4199,251940.0
3745,43327294,4191,125730.0
3746,43331502,4208,252480.0
3747,43335754,4252,255120.0
3748,43339896,4142,248520.0
3750,43344166,4270,128100.0
3751,43348269,4103,246180.0
3752,43352475,4206,252360.0
3753,43356588,4113,246780.0
3754,43360774,4186,251160.0
3756,43365070,4296,128880.0
3757,43369185,4115,246900.0
3758,43373348,4163,249780.0
3759,43377566,4218,253080.0
3761,43381718,4152,124560.0
3762,43385969,4251,255060.0
3763,43390170,4201,252060.0
3764,43394383,4213,252780.0
3766,43398646,4263,127890.0
3767,43402796,4150,249000.0
3768,43407112,4316,258960.0
3769,43411254,4142,248520.0
3771,43415337,4083,122490.0
3772,43419481,4144,248640.0
3773,43423538,4057,243420.0
3774,43427766,4228,253680.0
3776,43431897,4131,123930.0
3777,43436148,4251,255060.0
3778,43440367,4219,253140.0
3779,43444516,4149,248940.0
3781,43448733,4217,126510.0
3782,43452884,4151,249060.0
3783,43457039,4155,249300.0
3784,43461220,4181,250860.0
3785,43465498,4278,256680.0
3787,43469612,4114,123420.0
3788,43473779,4167,250020.0
3789,43478059,4280,256800.0
3790,43482280,4221,253260.0
3792,43486527,4247,127410.0
3793,43490699,4172,250320.0
3794,43494862,4163,249780.0
3795,43499209,4347,260820.0
3797,43503487,4278,128340.0
3798,43507629,4142,248520.0
3799,43511795,4166,249960.0
3800,43516013,4218,253080.0
3802,43520231,4218,126540.0
3803,43524382,4151,249060.0
3804,43528555,4173,250380.0
3805,43532676,4121,247260.0
3807,43536735,4059,121770.0
3808,43540985,4250,255000.0
3809,43545241,4256,255360.0
3810,43549514,4273,256380.0
3812,43553719,4205,126150.0
3813,43557877,4158,249480.0
3814,43561997,4120,247200.0
3815,43566165,4168,250080.0
3816,43570341,4176,250560.0
3818,43574649,4308,129240.0
3819,43578722,4073,244380.0
3820,43582950,4228,253680.0
3821,43587099,4149,248940.0
3823,43591254,4155,124650.0
3824,43595502,4248,254880.0
3825,43599749,4247,254820.0
3826,43603868,4119,247140.0
3828,43608029,4161,124830.0
3829,43612186,4157,249420.0
3830,43616505,4319,259140.0
3831,43620683,4178,250680.0
3833,43624763,4080,122400.0
3834,43628857,4094,245640.0
3835,43633053,4196,251760.0
3836,43637148,4095,245700.0
3838,43641302,4154,124620.0
3839,43645468,4166,249960.0
3840,43649646,4178,250680.0
3841,43653962,4316,258960.0
3843,43658065,4103,123090.0
3844,43662168,4103,246180.0
3845,43666315,4147,248820.0
3846,43670419,4104,246240.0
3848,43674590,4171,125130.0
3849,43678732,4142,248520.0
3850,43682922,4190,251400.0
3851,43687075,4153,249180.0
3853,43691351,4276,128280.0
3854,43695304,3953,237180.0
3855,43699337,4033,241980.0
3856,43703406,4069,244140.0
3858,43707366,3960,118800.0
3859,43711443,4077,244620.0
3860,43715611,4168,250080.0
3862,43719741,4130,123900.0
3863,43723752,4011,240660.0
3864,43727643,3891,233460.0
3866,43731581,3938,118140.0
3867,43735634,4053,243180.0
3868,43739728,4094,245640.0
3870,43743881,4153,124590.0
3871,43748026,4145,248700.0
3872,43752199,4173,250380.0
3873,43756349,4150,249000.0
3875,43760420,4071,122130.0
3876,43764568,4148,248880.0
3877,43768696,4128,247680.0
3879,43772445,3749,112470.0
3880,43776229,3784,227040.0
3881,43780021,3792,227520.0
3882,43783771,3750,225000.0
3884,43787510,3739,112170.0
3885,43791411,3901,234060.0
3886,43795392,3981,238860.0
3888,43799374,3982,119460.0
3889,43803524,4150,249000.0
3890,43807504,3980,238800.0
3892,43811622,4118,123540.0
3893,43815851,4229,253740.0
3894,43819984,4133,247980.0
3895,43824090,4106,246360.0
3897,43828169,4079,122370.0
3898,43831921,3752,225120.0
3899,43835813,3892,233520.0
3901,43839835,4022,120660.0
3902,43843833,3998,239880.0
3903,43847889,4056,243360.0
3905,43851959,4070,122100.0
3906,43856096,4137,248220.0
3907,43859841,3745,224700.0
3908,43863917,4076,244560.0
3910,43868474,4557,136710.0
3911,43872937,4463,267780.0
3912,43877438,4501,270060.0
3914,43881933,4495,134850.0
3915,43886512,4579,274740.0
3916,43891326,4814,288840.0
3918,43895909,4583,137490.0
3919,43900400,4491,269460.0
3920,43904911,4511,270660.0
3922,43909407,4496,134880.0
3923,43913894,4487,269220.0
3924,43918491,4597,275820.0
3925,43923074,4583,274980.0
3927,43927793,4719,141570.0
3928,43932295,4502,270120.0
3929,43936901,4606,276360.0
3931,43941466,4565,136950.0
3932,43946002,4536,272160.0
3933,43950661,4659,279540.0
3934,43955422,4761,285660.0
3936,43960173,4751,142530.0
3937,43964905,4732,283920.0
3938,43969748,4843,290580.0
3940,43974655,4907,147210.0
3941,43979540,4885,293100.0
3942,43984560,5020,301200.0
3943,43989490,4930,295800.0
3945,43994520,5030,150900.0
3946,43999501,4981,298860.0
3947,44004426,4925,295500.0
3949,44009295,4869,146070.0
3950,44014180,4885,293100.0
3951,44019067,4887,293220.0
3952,44023885,4818,289080.0
3954,44028686,4801,144030.0
3955,44033626,4940,296400.0
3956,44038593,4967,298020.0
3958,44043552,4959,148770.0
3959,44048460,4908,294480.0
3960,44053278,4818,289080.0
3962,44058157,4879,146370.0
3963,44063086,4929,295740.0
3964,44067970,4884,293040.0
3965,44072869,4899,293940.0
3967,44077858,4989,149670.0
3968,44082793,4935,296100.0
3969,44087668,4875,292500.0
3971,44092550,4882,146460.0
3972,44097511,4961,297660.0
3973,44102514,5003,300180.0
3974,44107478,4964,297840.0
3976,44112452,4974,149220.0
3977,44117356,4904,294240.0
3978,44122110,4754,285240.0
3980,44127218,5108,153240.0
3981,44132174,4956,297360.0
3982,44137033,4859,291540.0
3984,44141759,4726,141780.0
3985,44146758,4999,299940.0
3986,44151498,4740,284400.0
3987,44156372,4874,292440.0
3989,44161235,4863,145890.0
3990,44166036,4801,288060.0
3991,44170911,4875,292500.0
3992,44175674,4763,285780.0
3994,44180541,4867,146010.0
3995,44185411,4870,292200.0
3996,44190335,4924,295440.0
3998,44195238,4903,147090.0
3999,44200211,4973,298380.0
4000,44205107,4896,293760.0
4001,44209950,4843,290580.0
4003,44214725,4775,143250.0
4004,44219691,4966,297960.0
4005,44224500,4809,288540.0
4007,44229338,4838,145140.0
4008,44234154,4816,288960.0
4009,44239093,4939,296340.0
4010,44243954,4861,291660.0
4012,44248709,4755,142650.0
4013,44253555,4846,290760.0
4014,44258421,4866,291960.0
4015,44263300,4879,292740.0
4017,44268264,4964,148920.0
4018,44273154,4890,293400.0
4019,44278093,4939,296340.0
4021,44282926,4833,144990.0
4022,44287900,4974,298440.0
4023,44292683,4783,286980.0
4024,44297634,4951,297060.0
4026,44302499,4865,145950.0
4027,44307347,4848,290880.0
4028,44312194,4847,290820.0
4030,44317025,4831,144930.0
4031,44321842,4817,289020.0
4032,44326759,4917,295020.0
4033,44331571,4812,288720.0
4035,44336383,4812,144360.0
4036,44341214,4831,289860.0
4037,44346155,4941,296460.0
4038,44350994,4839,290340.0
4040,44355937,4943,148290.0
4041,44360894,4957,297420.0
4042,44365858,4964,297840.0
4044,44370716,4858,145740.0
4045,44375743,5027,301620.0
4046,44380621,4878,292680.0
4047,44385541,4920,295200.0
4049,44390394,4853,145590.0
4050,44395213,4819,289140.0
4051,44400086,4873,292380.0
4053,44405084,4998,149940.0
4054,44409945,4861,291660.0
4055,44414963,5018,301080.0
4056,44419783,4820,289200.0
4058,44424633,4850,145500.0
4059,44429558,4925,295500.0
4060,44434365,4807,288420.0
4062,44439193,4828,144840.0
4063,44443999,4806,288360.0
4064,44448929,4930,295800.0
4065,44453764,4835,290100.0
4067,44458630,4866,145980.0
4068,44463507,4877,292620.0
4069,44468529,5022,301320.0
4071,44473473,4944,148320.0
4072,44478186,4713,282780.0
4073,44483090,4904,294240.0
4074,44487917,4827,289620.0
4076,44492767,4850,145500.0
4077,44497683,4916,294960.0
4078,44502466,4783,286980.0
4080,44507276,4810,144300.0
4081,44512173,4897,293820.0
4082,44517099,4926,295560.0
4083,44521865,4766,285960.0
4085,44526355,4490,134700.0
4086,44530866,4511,270660.0
4087,44535432,4566,273960.0
4089,44539987,4555,136650.0
4090,44544352,4365,261900.0
4092,44548584,4232,126960.0
4093,44552687,4103,246180.0
4094,44556871,4184,251040.0
4096,44561220,4349,130470.0
4097,44565605,4385,263100.0
4098,44569824,4219,253140.0
4100,44574125,4301,129030.0
4101,44578522,4397,263820.0
4102,44582745,4223,253380.0
4104,44587216,4471,134130.0
4105,44591825,4609,276540.0
4106,44596240,4415,264900.0
4108,44600705,4465,133950.0
4109,44605109,4404,264240.0
4110,44609665,4556,273360.0
4112,44614263,4598,137940.0
4113,44618708,4445,266700.0
4115,44623230,4522,135660.0
4116,44627683,4453,267180.0
4117,44632040,4357,261420.0
4119,44636145,4105,123150.0
4120,44640429,4284,257040.0
4121,44644722,4293,257580.0
4123,44649085,4363,130890.0
4124,44653536,4451,267060.0
4125,44657978,4442,266520.0
4127,44662423,4445,133350.0
4128,44666888,4465,267900.0
4129,44671257,4369,262140.0
4131,44675601,4344,130320.0
4132,44679947,4346,260760.0
4133,44684455,4508,270480.0
4135,44688589,4134,124020.0
4136,44692840,4251,255060.0
4138,44696955,4115,123450.0
4139,44701021,4066,243960.0
4140,44705218,4197,251820.0
4142,44709406,4188,125640.0
4143,44713138,3732,223920.0
4144,44716895,3757,225420.0
4146,44720667,3772,113160.0
4147,44724283,3616,216960.0
4149,44728210,3927,117810.0
4150,44732422,4212,252720.0
4151,44736509,4087,245220.0
4153,44740644,4135,124050.0
4154,44744719,4075,244500.0
4155,44748831,4112,246720.0
4157,44752982,4151,124530.0
4158,44757070,4088,245280.0
4160,44761076,4006,120180.0
4161,44765162,4086,245160.0
4162,44769208,4046,242760.0
4164,44773190,3982,119460.0
4165,44777174,3984,239040.0
4166,44781190,4016,240960.0
4168,44785301,4111,123330.0
4169,44789265,3964,237840.0
4171,44793129,3864,115920.0
4172,44796587,3458,207480.0
4173,44800361,3774,226440.0
4175,44804268,3907,117210.0
4176,44808402,4134,248040.0
4177,44812445,4043,242580.0
4179,44816669,4224,126720.0
4180,44821043,4374,262440.0
4182,44825352,4309,129270.0
4183,44829479,4127,247620.0
4184,44833668,4189,251340.0
4186,44837925,4257,127710.0
4187,44842281,4356,261360.0
4189,44846418,4137,124110.0
4190,44850608,4190,251400.0
4191,44855005,4397,263820.0
4193,44859256,4251,127530.0
4194,44863511,4255,255300.0
4196,44867975,4464,133920.0
4197,44872271,4296,257760.0
4198,44876156,3885,233100.0
4200,44880148,3992,119760.0
4201,44884384,4236,254160.0
4203,44888579,4195,125850.0
4204,44892437,3858,231480.0
4205,44896482,4045,242700.0
4207,44900388,3906,117180.0
4208,44904326,3938,236280.0
4210,44908635,4309,129270.0
4211,44912997,4362,261720.0
4212,44917312,4315,258900.0
4214,44921612,4300,129000.0
4215,44925773,4161,249660.0
4217,44930050,4277,128310.0
4218,44934556,4506,270360.0
4219,44938935,4379,262740.0
4221,44942730,3795,113850.0
4222,44942730,0,0.0
4223,44942730,0,0.0
4225,44942730,0,0.0
